"RelativePath","FileName","Kind","SizeBytes","SizeKB","LastWriteTime","SourcePath","BackupPath","SHA256","Analysis"
"Players\1238狙击射手.plr","1238狙击射手.plr","player character (.plr)","2640","2.6","2023-10-24 19:45:43","C:\Users\admin\Documents\My Games\Terraria\Players\1238狙击射手.plr","D:\Terraria_doc\Terraria_saves\Players\1238狙击射手.plr","2545084EE11FB0D5D99D56A9E17638F77BDDAD1E0A143FC26D86FBBD7972CC81","角色存档；文件名暗示射手配置，优先保留。"
"Players\1星云无限蓝险恶.plr.bak","1星云无限蓝险恶.plr.bak","player backup (.plr.bak)","4000","3.9","2023-10-24 19:45:43","C:\Users\admin\Documents\My Games\Terraria\Players\1星云无限蓝险恶.plr.bak","D:\Terraria_doc\Terraria_saves\Players\1星云无限蓝险恶.plr.bak","A0A9A46387F06706D6BC2585CD577FDFB4748F56DF743352370930B340BB429C","角色存档；文件名暗示法师/魔力配置，优先保留。"
"Players\2幽灵无限蓝暴力.plr","2幽灵无限蓝暴力.plr","player character (.plr)","2880","2.8","2023-10-24 19:45:43","C:\Users\admin\Documents\My Games\Terraria\Players\2幽灵无限蓝暴力.plr","D:\Terraria_doc\Terraria_saves\Players\2幽灵无限蓝暴力.plr","257C70D666019AAEF47E127F1B8547D095ED639DCEAC568B26A5D0CDDDF23AAF","角色存档；文件名暗示法师/魔力配置，优先保留。"
"Players\3星云无限蓝幸运.plr","3星云无限蓝幸运.plr","player character (.plr)","3728","3.6","2023-10-25 05:37:30","C:\Users\admin\Documents\My Games\Terraria\Players\3星云无限蓝幸运.plr","D:\Terraria_doc\Terraria_saves\Players\3星云无限蓝幸运.plr","209431DC66F7D72E828E84DB28966F194A738B39F59CF1C20DD03BAC90B037E9","角色存档；文件名暗示法师/魔力配置，优先保留。"
"Players\3星云无限蓝幸运.plr.bak","3星云无限蓝幸运.plr.bak","player backup (.plr.bak)","2896","2.8","2023-10-24 19:45:43","C:\Users\admin\Documents\My Games\Terraria\Players\3星云无限蓝幸运.plr.bak","D:\Terraria_doc\Terraria_saves\Players\3星云无限蓝幸运.plr.bak","2F64FAF7E67BD56A67902606D8E3FC13047329603750B2F778F0219A8341B1C5","角色存档；文件名暗示法师/魔力配置，优先保留。"
"Players\3星云无限蓝幸运\232838529.map","232838529.map","per-player world map cache (.map)","2117","2.1","2023-10-25 05:37:30","C:\Users\admin\Documents\My Games\Terraria\Players\3星云无限蓝幸运\232838529.map","D:\Terraria_doc\Terraria_saves\Players\3星云无限蓝幸运\232838529.map","E926F937B0EDBAD2880094413E8DAEB3C462134E252491D60A0364209E47C3A3","地图探索缓存；依赖对应玩家目录，通常不是核心存档，但可一起保留以恢复地图迷雾状态。"
"Players\518防御战士.plr","518防御战士.plr","player character (.plr)","4016","3.9","2023-10-24 19:45:42","C:\Users\admin\Documents\My Games\Terraria\Players\518防御战士.plr","D:\Terraria_doc\Terraria_saves\Players\518防御战士.plr","82D621D5552C89DA817EDBFD8D1A591A4B6FAFDFAD00515EBC3442FDE4109466","角色存档；文件名暗示战士/防御配置，优先保留。"
"Players\ABC.plr","ABC.plr","player character (.plr)","4016","3.9","2023-10-24 19:45:42","C:\Users\admin\Documents\My Games\Terraria\Players\ABC.plr","D:\Terraria_doc\Terraria_saves\Players\ABC.plr","D68D316CA57D3C1D6A4361A84999ACDEC85F15165AA87907AE1F6AED720C83BF","角色存档；可放入 Players 目录恢复。"
"Players\asnl.plr","asnl.plr","player character (.plr)","4016","3.9","2023-10-24 19:45:42","C:\Users\admin\Documents\My Games\Terraria\Players\asnl.plr","D:\Terraria_doc\Terraria_saves\Players\asnl.plr","8195FCAACA662C3BB62140E46DE7FA9A4D455538A002BE66F07A093FF62B19D8","角色存档；可放入 Players 目录恢复。"
"Players\B.NB召唤师.plr","B.NB召唤师.plr","player character (.plr)","3696","3.6","2025-02-21 09:51:31","C:\Users\admin\Documents\My Games\Terraria\Players\B.NB召唤师.plr","D:\Terraria_doc\Terraria_saves\Players\B.NB召唤师.plr","DB62B68F555D25BAAF71DBD8095E2B91ABAC93C04C62F8133F31FC5E6DF02D2A","角色存档；文件名暗示召唤师/星尘龙配置，优先保留。"
"Players\B.NB召唤师.plr.bak","B.NB召唤师.plr.bak","player backup (.plr.bak)","3696","3.6","2024-09-24 12:49:01","C:\Users\admin\Documents\My Games\Terraria\Players\B.NB召唤师.plr.bak","D:\Terraria_doc\Terraria_saves\Players\B.NB召唤师.plr.bak","85DABD2CCD2D8330C8D81563B30762C46E6CEAE6592D55BE0466FCC5B99E1A68","角色存档；文件名暗示召唤师/星尘龙配置，优先保留。"
"Players\B.NB召唤师\0788467a-46a2-444a-b64e-139cfa2699d8.map","0788467a-46a2-444a-b64e-139cfa2699d8.map","per-player world map cache (.map)","31390","30.7","2023-10-25 08:51:07","C:\Users\admin\Documents\My Games\Terraria\Players\B.NB召唤师\0788467a-46a2-444a-b64e-139cfa2699d8.map","D:\Terraria_doc\Terraria_saves\Players\B.NB召唤师\0788467a-46a2-444a-b64e-139cfa2699d8.map","080DFA73038C9C2F57C21701FB86F3D5520F73680CC5C587ADB9E67EB9CA6B79","地图探索缓存；依赖对应玩家目录，通常不是核心存档，但可一起保留以恢复地图迷雾状态。"
"Players\B.NB召唤师\1110540882.map","1110540882.map","per-player world map cache (.map)","459","0.4","2023-10-25 08:46:21","C:\Users\admin\Documents\My Games\Terraria\Players\B.NB召唤师\1110540882.map","D:\Terraria_doc\Terraria_saves\Players\B.NB召唤师\1110540882.map","E55366643B0051D17A79A08F432D645A02629DF80EFC73F207B2E03D7674ACF3","地图探索缓存；依赖对应玩家目录，通常不是核心存档，但可一起保留以恢复地图迷雾状态。"
"Players\B.NB召唤师\1267575869.map","1267575869.map","per-player world map cache (.map)","152802","149.2","2023-10-27 14:08:26","C:\Users\admin\Documents\My Games\Terraria\Players\B.NB召唤师\1267575869.map","D:\Terraria_doc\Terraria_saves\Players\B.NB召唤师\1267575869.map","2D1DC442DF9EDF0EC434C3B28F01D2A5CD07CECE4398FE3F8E995E9F218CACB7","地图探索缓存；依赖对应玩家目录，通常不是核心存档，但可一起保留以恢复地图迷雾状态。"
"Players\B.NB召唤师\1440200674.map","1440200674.map","per-player world map cache (.map)","2373","2.3","2023-10-24 20:11:06","C:\Users\admin\Documents\My Games\Terraria\Players\B.NB召唤师\1440200674.map","D:\Terraria_doc\Terraria_saves\Players\B.NB召唤师\1440200674.map","3D215AF3263D90A4E61C231456410817A4EDC7B2B924FF70B1C1068751B55431","地图探索缓存；依赖对应玩家目录，通常不是核心存档，但可一起保留以恢复地图迷雾状态。"
"Players\B.NB召唤师\18583315.map","18583315.map","per-player world map cache (.map)","4684","4.6","2023-10-27 13:55:22","C:\Users\admin\Documents\My Games\Terraria\Players\B.NB召唤师\18583315.map","D:\Terraria_doc\Terraria_saves\Players\B.NB召唤师\18583315.map","F08B021F7FD0840793F83C9F99E4EDA4AB85F6B2A8F277902E1D97663B5F239F","地图探索缓存；依赖对应玩家目录，通常不是核心存档，但可一起保留以恢复地图迷雾状态。"
"Players\B.NB召唤师\19a5768a-4e33-4657-bd2a-1e396a61a847.map","19a5768a-4e33-4657-bd2a-1e396a61a847.map","per-player world map cache (.map)","58273","56.9","2023-10-25 05:30:13","C:\Users\admin\Documents\My Games\Terraria\Players\B.NB召唤师\19a5768a-4e33-4657-bd2a-1e396a61a847.map","D:\Terraria_doc\Terraria_saves\Players\B.NB召唤师\19a5768a-4e33-4657-bd2a-1e396a61a847.map","49F26BCBBCEC49A5ECEDD3D9283E074B2872E6A389A3249603A53EEA5AFCB21B","地图探索缓存；依赖对应玩家目录，通常不是核心存档，但可一起保留以恢复地图迷雾状态。"
"Players\B.NB召唤师\232838529.map","232838529.map","per-player world map cache (.map)","154641","151","2023-11-23 09:52:42","C:\Users\admin\Documents\My Games\Terraria\Players\B.NB召唤师\232838529.map","D:\Terraria_doc\Terraria_saves\Players\B.NB召唤师\232838529.map","79121B736528C2B4EFF5D6135A36EF4C099A742099B2B07416A84489FFAB2F4B","地图探索缓存；依赖对应玩家目录，通常不是核心存档，但可一起保留以恢复地图迷雾状态。"
"Players\B.NB召唤师\359149763.map","359149763.map","per-player world map cache (.map)","6666","6.5","2025-02-21 09:51:31","C:\Users\admin\Documents\My Games\Terraria\Players\B.NB召唤师\359149763.map","D:\Terraria_doc\Terraria_saves\Players\B.NB召唤师\359149763.map","F0F12726694A5E64B14340575A2896B90806A5637F964242E4B10833D4517D3C","地图探索缓存；依赖对应玩家目录，通常不是核心存档，但可一起保留以恢复地图迷雾状态。"
"Players\B.NB召唤师\61619297-59af-49a6-825b-55f055530f42.map","61619297-59af-49a6-825b-55f055530f42.map","per-player world map cache (.map)","55540","54.2","2023-10-28 11:38:19","C:\Users\admin\Documents\My Games\Terraria\Players\B.NB召唤师\61619297-59af-49a6-825b-55f055530f42.map","D:\Terraria_doc\Terraria_saves\Players\B.NB召唤师\61619297-59af-49a6-825b-55f055530f42.map","911C68B667454D87F151BC44E0CE98953341F96E0086CDC334E06D22C73F5ED3","地图探索缓存；依赖对应玩家目录，通常不是核心存档，但可一起保留以恢复地图迷雾状态。"
"Players\B.NB召唤师\768858ba-4465-4e5d-a82b-dcd9fafd9e57.map","768858ba-4465-4e5d-a82b-dcd9fafd9e57.map","per-player world map cache (.map)","17073","16.7","2023-10-24 20:17:38","C:\Users\admin\Documents\My Games\Terraria\Players\B.NB召唤师\768858ba-4465-4e5d-a82b-dcd9fafd9e57.map","D:\Terraria_doc\Terraria_saves\Players\B.NB召唤师\768858ba-4465-4e5d-a82b-dcd9fafd9e57.map","892E5BD483BDE3638BFAB3B622D88B08278F661967F25EC07A5C6BF582B94206","地图探索缓存；依赖对应玩家目录，通常不是核心存档，但可一起保留以恢复地图迷雾状态。"
"Players\B.NB召唤师\84bf9e7f-8098-4617-9c71-e88052f21956.map","84bf9e7f-8098-4617-9c71-e88052f21956.map","per-player world map cache (.map)","11541","11.3","2023-10-25 15:58:58","C:\Users\admin\Documents\My Games\Terraria\Players\B.NB召唤师\84bf9e7f-8098-4617-9c71-e88052f21956.map","D:\Terraria_doc\Terraria_saves\Players\B.NB召唤师\84bf9e7f-8098-4617-9c71-e88052f21956.map","0000AFF308224461D667B13B50C5FE916A5A67488CCD6FB55A421EFCA9F1E64F","地图探索缓存；依赖对应玩家目录，通常不是核心存档，但可一起保留以恢复地图迷雾状态。"
"Players\B.NB召唤师\cb0a89c6-d333-41b3-88ee-bfb2aa4b90a4.map","cb0a89c6-d333-41b3-88ee-bfb2aa4b90a4.map","per-player world map cache (.map)","1925","1.9","2024-09-24 12:49:01","C:\Users\admin\Documents\My Games\Terraria\Players\B.NB召唤师\cb0a89c6-d333-41b3-88ee-bfb2aa4b90a4.map","D:\Terraria_doc\Terraria_saves\Players\B.NB召唤师\cb0a89c6-d333-41b3-88ee-bfb2aa4b90a4.map","D8777B47E4F00F63C5CB86B807056F7D03FF094AA9F2FBAAEE907B30DFDD3041","地图探索缓存；依赖对应玩家目录，通常不是核心存档，但可一起保留以恢复地图迷雾状态。"
"Players\B.NB召唤师\f465a360-c270-4832-994f-f1f7722639cc.map","f465a360-c270-4832-994f-f1f7722639cc.map","per-player world map cache (.map)","1668","1.6","2023-10-24 20:10:31","C:\Users\admin\Documents\My Games\Terraria\Players\B.NB召唤师\f465a360-c270-4832-994f-f1f7722639cc.map","D:\Terraria_doc\Terraria_saves\Players\B.NB召唤师\f465a360-c270-4832-994f-f1f7722639cc.map","F8BC6E7A087444A0C5AC68D4581C6974980DDDCA51770E547D4AF75DC82EB099","地图探索缓存；依赖对应玩家目录，通常不是核心存档，但可一起保留以恢复地图迷雾状态。"
"Players\Jerry zhao ss BTT.plr","Jerry zhao ss BTT.plr","player character (.plr)","4016","3.9","2023-10-24 19:45:41","C:\Users\admin\Documents\My Games\Terraria\Players\Jerry zhao ss BTT.plr","D:\Terraria_doc\Terraria_saves\Players\Jerry zhao ss BTT.plr","F36EA44DA802BCB56529E7244BBD70A3CB4204EC20E5A52C44DE70631C7B3CCE","角色存档；可放入 Players 目录恢复。"
"Players\LBN极品战士 (1).plr","LBN极品战士 (1).plr","player character (.plr)","3776","3.7","2023-10-28 11:13:09","C:\Users\admin\Documents\My Games\Terraria\Players\LBN极品战士 (1).plr","D:\Terraria_doc\Terraria_saves\Players\LBN极品战士 (1).plr","9597FC5CEC8CAA448558A979B967F237EB0693BD917E1805B499ECE09C6C442C","角色存档；文件名暗示战士/防御配置，优先保留。"
"Players\LBN极品战士 (1).plr.bak","LBN极品战士 (1).plr.bak","player backup (.plr.bak)","4016","3.9","2023-10-24 19:45:40","C:\Users\admin\Documents\My Games\Terraria\Players\LBN极品战士 (1).plr.bak","D:\Terraria_doc\Terraria_saves\Players\LBN极品战士 (1).plr.bak","A13EDFEA389260DD651E0B04BA1C65B4C805415D988D47470F3D6F6201957E01","角色存档；文件名暗示战士/防御配置，优先保留。"
"Players\LBN极品战士 (1)\d0c4efe3-87c9-4364-9a7f-b89ad82287bb.map","d0c4efe3-87c9-4364-9a7f-b89ad82287bb.map","per-player world map cache (.map)","5410","5.3","2023-10-28 11:13:09","C:\Users\admin\Documents\My Games\Terraria\Players\LBN极品战士 (1)\d0c4efe3-87c9-4364-9a7f-b89ad82287bb.map","D:\Terraria_doc\Terraria_saves\Players\LBN极品战士 (1)\d0c4efe3-87c9-4364-9a7f-b89ad82287bb.map","84476BACE6A185AE5EA0BB37CD5E03F98668036ED5EE5B8189F5425CB94EFA88","地图探索缓存；依赖对应玩家目录，通常不是核心存档，但可一起保留以恢复地图迷雾状态。"
"Players\LBN极品召唤师 (1).plr","LBN极品召唤师 (1).plr","player character (.plr)","3776","3.7","2023-10-28 11:08:10","C:\Users\admin\Documents\My Games\Terraria\Players\LBN极品召唤师 (1).plr","D:\Terraria_doc\Terraria_saves\Players\LBN极品召唤师 (1).plr","EF453F2A5640307855C7C315584CE08F752104267708D699F97851F99C9E4BAF","角色存档；文件名暗示召唤师/星尘龙配置，优先保留。"
"Players\LBN极品召唤师 (1).plr.bak","LBN极品召唤师 (1).plr.bak","player backup (.plr.bak)","2704","2.6","2023-10-24 19:45:40","C:\Users\admin\Documents\My Games\Terraria\Players\LBN极品召唤师 (1).plr.bak","D:\Terraria_doc\Terraria_saves\Players\LBN极品召唤师 (1).plr.bak","9F5E8776CF75F3A3D56E4DD401F03813F5952D86A092EE5F69732A59EB3B5349","角色存档；文件名暗示召唤师/星尘龙配置，优先保留。"
"Players\LBN极品召唤师 (1)\1676449152.map","1676449152.map","per-player world map cache (.map)","11609","11.3","2023-10-28 11:08:10","C:\Users\admin\Documents\My Games\Terraria\Players\LBN极品召唤师 (1)\1676449152.map","D:\Terraria_doc\Terraria_saves\Players\LBN极品召唤师 (1)\1676449152.map","1DA725571A66BA5F7288AAF9A19CD233F2BE4B9EC10CF3E3C85B2677555C8D33","地图探索缓存；依赖对应玩家目录，通常不是核心存档，但可一起保留以恢复地图迷雾状态。"
"Players\o.plr","o.plr","player character (.plr)","3696","3.6","2023-10-24 20:18:19","C:\Users\admin\Documents\My Games\Terraria\Players\o.plr","D:\Terraria_doc\Terraria_saves\Players\o.plr","32F0F545C1845F5C83F90BC1B3D24C5FD592B298B16C2B6627EB8AF720307311","角色存档；可放入 Players 目录恢复。"
"Players\o.plr.bak","o.plr.bak","player backup (.plr.bak)","3696","3.6","2023-10-24 19:56:39","C:\Users\admin\Documents\My Games\Terraria\Players\o.plr.bak","D:\Terraria_doc\Terraria_saves\Players\o.plr.bak","9A59901BDE3BC07C7FAE81720EA4D9CD9189819051A901C030A69D6D34349853","角色存档；可放入 Players 目录恢复。"
"Players\o\0788467a-46a2-444a-b64e-139cfa2699d8.map","0788467a-46a2-444a-b64e-139cfa2699d8.map","per-player world map cache (.map)","892","0.9","2023-10-24 19:56:39","C:\Users\admin\Documents\My Games\Terraria\Players\o\0788467a-46a2-444a-b64e-139cfa2699d8.map","D:\Terraria_doc\Terraria_saves\Players\o\0788467a-46a2-444a-b64e-139cfa2699d8.map","39F2A571E3DA5533AF9AC38ACBA18BB7FA9CABC769796E8AA13C75A96082625C","地图探索缓存；依赖对应玩家目录，通常不是核心存档，但可一起保留以恢复地图迷雾状态。"
"Players\o\1523384733.map","1523384733.map","per-player world map cache (.map)","3861","3.8","2023-10-24 20:18:19","C:\Users\admin\Documents\My Games\Terraria\Players\o\1523384733.map","D:\Terraria_doc\Terraria_saves\Players\o\1523384733.map","40F91E396EAC182157E3FDCAD0BD441FD81BD0621B2DD00B3C38FCBDC491A122","地图探索缓存；依赖对应玩家目录，通常不是核心存档，但可一起保留以恢复地图迷雾状态。"
"Players\o2.plr","o2.plr","player character (.plr)","3696","3.6","2023-10-24 19:54:38","C:\Users\admin\Documents\My Games\Terraria\Players\o2.plr","D:\Terraria_doc\Terraria_saves\Players\o2.plr","ED4460A279ED19A7DD75252B3610CCAFFA832A1F480846B6532570EEAD182031","角色存档；可放入 Players 目录恢复。"
"Players\PAKEX-日耀套-极致攻速(1).plr","PAKEX-日耀套-极致攻速(1).plr","player character (.plr)","2640","2.6","2023-10-24 19:45:40","C:\Users\admin\Documents\My Games\Terraria\Players\PAKEX-日耀套-极致攻速(1).plr","D:\Terraria_doc\Terraria_saves\Players\PAKEX-日耀套-极致攻速(1).plr","7E5939A7404EA05932E03D1567A1B85B1C245B0C6CDC2D3822FCBA5B28F9FE7E","角色存档；文件名暗示战士/防御配置，优先保留。"
"Players\PAKEX-日耀套-无敌(1).plr","PAKEX-日耀套-无敌(1).plr","player character (.plr)","2656","2.6","2023-10-24 19:45:40","C:\Users\admin\Documents\My Games\Terraria\Players\PAKEX-日耀套-无敌(1).plr","D:\Terraria_doc\Terraria_saves\Players\PAKEX-日耀套-无敌(1).plr","DDD3B65B543FCA4A635A840C774306EF52B94BC66604293B409B532C360495B6","角色存档；文件名暗示战士/防御配置，优先保留。"
"Players\PAKEX-星辰套-超级长龙.plr","PAKEX-星辰套-超级长龙.plr","player character (.plr)","4016","3.9","2023-10-24 19:45:38","C:\Users\admin\Documents\My Games\Terraria\Players\PAKEX-星辰套-超级长龙.plr","D:\Terraria_doc\Terraria_saves\Players\PAKEX-星辰套-超级长龙.plr","D21CB039A5B06404F0735B6F4A59188B43D31754A3034D3E83F252ED4B68609E","角色存档；文件名暗示召唤师/星尘龙配置，优先保留。"
"Players\PAKEX-星璇套-极致物伤.plr","PAKEX-星璇套-极致物伤.plr","player character (.plr)","2640","2.6","2023-10-24 19:45:38","C:\Users\admin\Documents\My Games\Terraria\Players\PAKEX-星璇套-极致物伤.plr","D:\Terraria_doc\Terraria_saves\Players\PAKEX-星璇套-极致物伤.plr","B44C0ABF0B14AEFE650EAA805C1B494D555D2356B8A9AE5F05129755938483F3","角色存档；文件名暗示射手配置，优先保留。"
"Players\PAKEX-星璇套-无敌.plr","PAKEX-星璇套-无敌.plr","player character (.plr)","2640","2.6","2023-10-24 19:45:39","C:\Users\admin\Documents\My Games\Terraria\Players\PAKEX-星璇套-无敌.plr","D:\Terraria_doc\Terraria_saves\Players\PAKEX-星璇套-无敌.plr","F25FB2390AC3AF0218C0F3F4EE70AAE3387EE9C7951BC0B6E2E87AC0472FD413","角色存档；文件名暗示射手配置，优先保留。"
"Players\PAKEX-星云套-极致法伤.plr","PAKEX-星云套-极致法伤.plr","player character (.plr)","2640","2.6","2023-10-24 19:45:39","C:\Users\admin\Documents\My Games\Terraria\Players\PAKEX-星云套-极致法伤.plr","D:\Terraria_doc\Terraria_saves\Players\PAKEX-星云套-极致法伤.plr","D9062BF98E49F085BC39728C311509A6DE9BB72FC538ADCA5C00982345029BAC","角色存档；文件名暗示法师/魔力配置，优先保留。"
"Players\PAKEX-幽灵套-极致法伤.plr","PAKEX-幽灵套-极致法伤.plr","player character (.plr)","2656","2.6","2023-10-24 19:45:40","C:\Users\admin\Documents\My Games\Terraria\Players\PAKEX-幽灵套-极致法伤.plr","D:\Terraria_doc\Terraria_saves\Players\PAKEX-幽灵套-极致法伤.plr","702DA4312DD00CF939008867EE431DBB57C20BA8C5EEDF1F2B2D2DAA28AA28FD","角色存档；文件名暗示法师/魔力配置，优先保留。"
"Players\超高防超高伤战士.plr","超高防超高伤战士.plr","player character (.plr)","2640","2.6","2023-10-24 19:45:28","C:\Users\admin\Documents\My Games\Terraria\Players\超高防超高伤战士.plr","D:\Terraria_doc\Terraria_saves\Players\超高防超高伤战士.plr","A7EA715CA26ACC4AA861BD6397ED6150B15529854DBD84101E443F7CD8C88ED7","角色存档；文件名暗示战士/防御配置，优先保留。"
"Players\顶级射手2.plr","顶级射手2.plr","player character (.plr)","2640","2.6","2023-10-24 19:45:27","C:\Users\admin\Documents\My Games\Terraria\Players\顶级射手2.plr","D:\Terraria_doc\Terraria_saves\Players\顶级射手2.plr","0F313A1D57E58950CAB05E82DF72F9F1B4DA271A5F0126BB16B0061364CEEC4E","角色存档；文件名暗示射手配置，优先保留。"
"Players\顶级召唤师.plr","顶级召唤师.plr","player character (.plr)","3712","3.6","2023-10-25 05:20:29","C:\Users\admin\Documents\My Games\Terraria\Players\顶级召唤师.plr","D:\Terraria_doc\Terraria_saves\Players\顶级召唤师.plr","19EA89EF40D8C7F9FB715FF690CD554520DC210D347420C5DABC4FEA5B46F2DF","角色存档；文件名暗示召唤师/星尘龙配置，优先保留。"
"Players\顶级召唤师.plr.bak","顶级召唤师.plr.bak","player backup (.plr.bak)","2640","2.6","2023-10-24 19:45:28","C:\Users\admin\Documents\My Games\Terraria\Players\顶级召唤师.plr.bak","D:\Terraria_doc\Terraria_saves\Players\顶级召唤师.plr.bak","42B5844B2E684F71C4C14FE787E98F5329249DD9B4169BCD1C838159F2680DDD","角色存档；文件名暗示召唤师/星尘龙配置，优先保留。"
"Players\顶级召唤师\d0c4efe3-87c9-4364-9a7f-b89ad82287bb.map","d0c4efe3-87c9-4364-9a7f-b89ad82287bb.map","per-player world map cache (.map)","1660","1.6","2023-10-25 05:20:29","C:\Users\admin\Documents\My Games\Terraria\Players\顶级召唤师\d0c4efe3-87c9-4364-9a7f-b89ad82287bb.map","D:\Terraria_doc\Terraria_saves\Players\顶级召唤师\d0c4efe3-87c9-4364-9a7f-b89ad82287bb.map","5ECDF042C94D618E90167132384DDC743B948BEFE1BACA5D9386A5C99F86D82E","地图探索缓存；依赖对应玩家目录，通常不是核心存档，但可一起保留以恢复地图迷雾状态。"
"Players\法师.plr","法师.plr","player character (.plr)","2640","2.6","2023-10-24 19:45:31","C:\Users\admin\Documents\My Games\Terraria\Players\法师.plr","D:\Terraria_doc\Terraria_saves\Players\法师.plr","4D876F9D3C1D6F0A74BF65156C0B78A54E5BE948B399372ACE8231A2CF42E024","角色存档；文件名暗示法师/魔力配置，优先保留。"
"Players\高阶召唤师缘启.plr","高阶召唤师缘启.plr","player character (.plr)","4000","3.9","2023-10-24 19:45:26","C:\Users\admin\Documents\My Games\Terraria\Players\高阶召唤师缘启.plr","D:\Terraria_doc\Terraria_saves\Players\高阶召唤师缘启.plr","AB20C71DC4910E4794778B07D8113C24BC6030A25E59767B4105187FF63B969E","角色存档；文件名暗示召唤师/星尘龙配置，优先保留。"
"Players\攻速无敌泰拉瑞亚装备铺01.plr","攻速无敌泰拉瑞亚装备铺01.plr","player character (.plr)","4016","3.9","2023-10-24 19:45:34","C:\Users\admin\Documents\My Games\Terraria\Players\攻速无敌泰拉瑞亚装备铺01.plr","D:\Terraria_doc\Terraria_saves\Players\攻速无敌泰拉瑞亚装备铺01.plr","069EA46A1FA4F32C4A441F179D9B72513D37209ABCB43F3C60FC8A87E03640D7","角色存档；文件名暗示修改/装备铺/极限属性用途，整理时可单独归类。"
"Players\攻速无敌泰拉瑞亚装备铺2.plr","攻速无敌泰拉瑞亚装备铺2.plr","player character (.plr)","4016","3.9","2023-10-24 19:45:34","C:\Users\admin\Documents\My Games\Terraria\Players\攻速无敌泰拉瑞亚装备铺2.plr","D:\Terraria_doc\Terraria_saves\Players\攻速无敌泰拉瑞亚装备铺2.plr","069EA46A1FA4F32C4A441F179D9B72513D37209ABCB43F3C60FC8A87E03640D7","角色存档；文件名暗示修改/装备铺/极限属性用途，整理时可单独归类。"
"Players\国际服攻速角色泰拉瑞亚装备铺.plr","国际服攻速角色泰拉瑞亚装备铺.plr","player character (.plr)","4000","3.9","2023-10-24 19:45:37","C:\Users\admin\Documents\My Games\Terraria\Players\国际服攻速角色泰拉瑞亚装备铺.plr","D:\Terraria_doc\Terraria_saves\Players\国际服攻速角色泰拉瑞亚装备铺.plr","C576BE7AE4156015C6E2F8CCA7DC62D5D146C6B829EE1517DF408B4C8D113A9F","角色存档；文件名暗示修改/装备铺/极限属性用途，整理时可单独归类。"
"Players\国际服攻速无敌泰拉瑞亚装备铺 (1).plr","国际服攻速无敌泰拉瑞亚装备铺 (1).plr","player character (.plr)","4016","3.9","2023-10-24 19:45:37","C:\Users\admin\Documents\My Games\Terraria\Players\国际服攻速无敌泰拉瑞亚装备铺 (1).plr","D:\Terraria_doc\Terraria_saves\Players\国际服攻速无敌泰拉瑞亚装备铺 (1).plr","E3811E7593E3F358A3CC1E08478B2D900A2B298BEA33521D9E6E92F017274C84","角色存档；文件名暗示修改/装备铺/极限属性用途，整理时可单独归类。"
"Players\国际服攻速无敌泰拉瑞亚装备铺.plr","国际服攻速无敌泰拉瑞亚装备铺.plr","player character (.plr)","4016","3.9","2023-10-24 19:45:37","C:\Users\admin\Documents\My Games\Terraria\Players\国际服攻速无敌泰拉瑞亚装备铺.plr","D:\Terraria_doc\Terraria_saves\Players\国际服攻速无敌泰拉瑞亚装备铺.plr","56895349A8C3A773DE3CFBF05126DFFC7AF974225DCAD09D8D8EF704179F2477","角色存档；文件名暗示修改/装备铺/极限属性用途，整理时可单独归类。"
"Players\国际服无敌泰拉攻速人1.plr","国际服无敌泰拉攻速人1.plr","player character (.plr)","4000","3.9","2023-10-24 19:45:35","C:\Users\admin\Documents\My Games\Terraria\Players\国际服无敌泰拉攻速人1.plr","D:\Terraria_doc\Terraria_saves\Players\国际服无敌泰拉攻速人1.plr","4B8F6D4BE87C6EDDD8663B4DC4BBF6146E2493890D08D71514A51591C43568D9","角色存档；文件名暗示修改/装备铺/极限属性用途，整理时可单独归类。"
"Players\国际服无敌泰拉攻速人2.plr","国际服无敌泰拉攻速人2.plr","player character (.plr)","4000","3.9","2023-10-24 19:45:35","C:\Users\admin\Documents\My Games\Terraria\Players\国际服无敌泰拉攻速人2.plr","D:\Terraria_doc\Terraria_saves\Players\国际服无敌泰拉攻速人2.plr","4B8F6D4BE87C6EDDD8663B4DC4BBF6146E2493890D08D71514A51591C43568D9","角色存档；文件名暗示修改/装备铺/极限属性用途，整理时可单独归类。"
"Players\国际服无敌泰拉攻速人3.plr","国际服无敌泰拉攻速人3.plr","player character (.plr)","4000","3.9","2023-10-24 19:45:35","C:\Users\admin\Documents\My Games\Terraria\Players\国际服无敌泰拉攻速人3.plr","D:\Terraria_doc\Terraria_saves\Players\国际服无敌泰拉攻速人3.plr","4B8F6D4BE87C6EDDD8663B4DC4BBF6146E2493890D08D71514A51591C43568D9","角色存档；文件名暗示修改/装备铺/极限属性用途，整理时可单独归类。"
"Players\国际服无敌星尘龙召唤师.plr","国际服无敌星尘龙召唤师.plr","player character (.plr)","102976","100.6","2023-10-25 05:09:05","C:\Users\admin\Documents\My Games\Terraria\Players\国际服无敌星尘龙召唤师.plr","D:\Terraria_doc\Terraria_saves\Players\国际服无敌星尘龙召唤师.plr","9D01E56E1C9E3ACD2313298E3BA708524D2F511072141FA2375C434303DC85C5","角色存档；文件名暗示召唤师/星尘龙配置，优先保留。"
"Players\国际服无敌星尘龙召唤师.plr.bak","国际服无敌星尘龙召唤师.plr.bak","player backup (.plr.bak)","104528","102.1","2023-10-24 19:45:36","C:\Users\admin\Documents\My Games\Terraria\Players\国际服无敌星尘龙召唤师.plr.bak","D:\Terraria_doc\Terraria_saves\Players\国际服无敌星尘龙召唤师.plr.bak","218360417524A4BAAEF46DAE696FAE972A0320478A52F65B04EE091F5B0BB1A7","角色存档；文件名暗示召唤师/星尘龙配置，优先保留。"
"Players\国际服无敌星尘龙召唤师\cb0a89c6-d333-41b3-88ee-bfb2aa4b90a4.map","cb0a89c6-d333-41b3-88ee-bfb2aa4b90a4.map","per-player world map cache (.map)","2422","2.4","2023-10-25 05:09:05","C:\Users\admin\Documents\My Games\Terraria\Players\国际服无敌星尘龙召唤师\cb0a89c6-d333-41b3-88ee-bfb2aa4b90a4.map","D:\Terraria_doc\Terraria_saves\Players\国际服无敌星尘龙召唤师\cb0a89c6-d333-41b3-88ee-bfb2aa4b90a4.map","F9D38AEA162D64D3BA2121A3D0D8C76D254DB0C2816A4C5C745A9B5C344E3014","地图探索缓存；依赖对应玩家目录，通常不是核心存档，但可一起保留以恢复地图迷雾状态。"
"Players\极限叠血(1)(1).plr","极限叠血(1)(1).plr","player character (.plr)","3712","3.6","2023-10-25 14:34:31","C:\Users\admin\Documents\My Games\Terraria\Players\极限叠血(1)(1).plr","D:\Terraria_doc\Terraria_saves\Players\极限叠血(1)(1).plr","1793E0DE33AA21BAFA346570A8CD51F49C9DB65057514C052DC009EAFBC73E2C","角色存档；文件名暗示修改/装备铺/极限属性用途，整理时可单独归类。"
"Players\极限叠血(1)(1).plr.bak","极限叠血(1)(1).plr.bak","player backup (.plr.bak)","2640","2.6","2023-10-24 19:45:32","C:\Users\admin\Documents\My Games\Terraria\Players\极限叠血(1)(1).plr.bak","D:\Terraria_doc\Terraria_saves\Players\极限叠血(1)(1).plr.bak","AA8C17E2A07C827A1D88F535A7A0FDA91C7B6F23651C2198B89DAB233BD24EA1","角色存档；文件名暗示修改/装备铺/极限属性用途，整理时可单独归类。"
"Players\极限叠血(1)(1)\cb0a89c6-d333-41b3-88ee-bfb2aa4b90a4.map","cb0a89c6-d333-41b3-88ee-bfb2aa4b90a4.map","per-player world map cache (.map)","2563","2.5","2023-10-25 14:34:31","C:\Users\admin\Documents\My Games\Terraria\Players\极限叠血(1)(1)\cb0a89c6-d333-41b3-88ee-bfb2aa4b90a4.map","D:\Terraria_doc\Terraria_saves\Players\极限叠血(1)(1)\cb0a89c6-d333-41b3-88ee-bfb2aa4b90a4.map","88694A4D0898C0FFC770A43F230AE74EC1E2FDB748A84FFD21F09B52A8310330","地图探索缓存；依赖对应玩家目录，通常不是核心存档，但可一起保留以恢复地图迷雾状态。"
"Players\极限攻速ZX(1).plr","极限攻速ZX(1).plr","player character (.plr)","2624","2.6","2023-10-24 19:45:32","C:\Users\admin\Documents\My Games\Terraria\Players\极限攻速ZX(1).plr","D:\Terraria_doc\Terraria_saves\Players\极限攻速ZX(1).plr","05D269439467508F20E5BA017580E06431C4B4D3C106CF90291899E7B4811A9D","角色存档；文件名暗示修改/装备铺/极限属性用途，整理时可单独归类。"
"Players\极限长龙.plr","极限长龙.plr","player character (.plr)","2640","2.6","2023-10-24 19:45:32","C:\Users\admin\Documents\My Games\Terraria\Players\极限长龙.plr","D:\Terraria_doc\Terraria_saves\Players\极限长龙.plr","B82450E042C6EF905FB490CF83A9020A7DC8A9668B91E5073884A19ECF5B723A","角色存档；文件名暗示召唤师/星尘龙配置，优先保留。"
"Players\理论上最长龙(1).plr","理论上最长龙(1).plr","player character (.plr)","2640","2.6","2023-10-24 19:45:30","C:\Users\admin\Documents\My Games\Terraria\Players\理论上最长龙(1).plr","D:\Terraria_doc\Terraria_saves\Players\理论上最长龙(1).plr","AA257CE63A6705E26794010F53215E2CA12149A0B6737C31634F8F9D70F3FEF8","角色存档；文件名暗示召唤师/星尘龙配置，优先保留。"
"Players\千伤战士.plr","千伤战士.plr","player character (.plr)","3696","3.6","2023-10-25 14:32:19","C:\Users\admin\Documents\My Games\Terraria\Players\千伤战士.plr","D:\Terraria_doc\Terraria_saves\Players\千伤战士.plr","06A752787BA0CA7EBBE4EE5EA37E55A6843F3D96ED358CB6890A4291A55ECB3E","角色存档；文件名暗示战士/防御配置，优先保留。"
"Players\千伤战士.plr.bak","千伤战士.plr.bak","player backup (.plr.bak)","4016","3.9","2023-10-24 19:45:37","C:\Users\admin\Documents\My Games\Terraria\Players\千伤战士.plr.bak","D:\Terraria_doc\Terraria_saves\Players\千伤战士.plr.bak","910B1C77060211117DC59094AD886BBE4BF5CA32AD12C61A718914A7EC20C115","角色存档；文件名暗示战士/防御配置，优先保留。"
"Players\千伤战士\cb0a89c6-d333-41b3-88ee-bfb2aa4b90a4.map","cb0a89c6-d333-41b3-88ee-bfb2aa4b90a4.map","per-player world map cache (.map)","2544","2.5","2023-10-25 14:32:19","C:\Users\admin\Documents\My Games\Terraria\Players\千伤战士\cb0a89c6-d333-41b3-88ee-bfb2aa4b90a4.map","D:\Terraria_doc\Terraria_saves\Players\千伤战士\cb0a89c6-d333-41b3-88ee-bfb2aa4b90a4.map","DCBDE425279167CCE119B8E9572D0AAD9F7E132B400116FDCC79477DDD4437E9","地图探索缓存；依赖对应玩家目录，通常不是核心存档，但可一起保留以恢复地图迷雾状态。"
"Players\伤害爆炸回蓝很快的法师.plr","伤害爆炸回蓝很快的法师.plr","player character (.plr)","3696","3.6","2023-10-25 08:45:01","C:\Users\admin\Documents\My Games\Terraria\Players\伤害爆炸回蓝很快的法师.plr","D:\Terraria_doc\Terraria_saves\Players\伤害爆炸回蓝很快的法师.plr","8324505AF8AAC64F86C5FA557FCB53ABB7FE01EC90373E9956E3E649B3D017EE","角色存档；文件名暗示法师/魔力配置，优先保留。"
"Players\伤害爆炸回蓝很快的法师.plr.bak","伤害爆炸回蓝很快的法师.plr.bak","player backup (.plr.bak)","2640","2.6","2023-10-24 19:45:38","C:\Users\admin\Documents\My Games\Terraria\Players\伤害爆炸回蓝很快的法师.plr.bak","D:\Terraria_doc\Terraria_saves\Players\伤害爆炸回蓝很快的法师.plr.bak","75B6C99712B951CD193E3AB97E8A8835FCD0F6C680A67A35890CFF64467E950A","角色存档；文件名暗示法师/魔力配置，优先保留。"
"Players\伤害爆炸回蓝很快的法师\1110540882.map","1110540882.map","per-player world map cache (.map)","3271","3.2","2023-10-25 08:45:01","C:\Users\admin\Documents\My Games\Terraria\Players\伤害爆炸回蓝很快的法师\1110540882.map","D:\Terraria_doc\Terraria_saves\Players\伤害爆炸回蓝很快的法师\1110540882.map","F1FAE89A4C5DD551B814C9A47F3B53FA34F49AA2434FD7A982FF17BEE10A6B2B","地图探索缓存；依赖对应玩家目录，通常不是核心存档，但可一起保留以恢复地图迷雾状态。"
"Players\射手.plr","射手.plr","player character (.plr)","4016","3.9","2023-10-24 19:45:34","C:\Users\admin\Documents\My Games\Terraria\Players\射手.plr","D:\Terraria_doc\Terraria_saves\Players\射手.plr","CB47B365969C016B8284644EF611F762A7CF5A8B4AB09CEC19D1A132B5765B5A","角色存档；文件名暗示射手配置，优先保留。"
"Players\失踪的盖欧卡.plr","失踪的盖欧卡.plr","player character (.plr)","4016","3.9","2023-10-24 19:45:35","C:\Users\admin\Documents\My Games\Terraria\Players\失踪的盖欧卡.plr","D:\Terraria_doc\Terraria_saves\Players\失踪的盖欧卡.plr","943ABF99389B2D172417CCF6CB93BA04671E0DDBA58FF01A1D334ED4F674B8C7","角色存档；可放入 Players 目录恢复。"
"Players\速度与激情.plr","速度与激情.plr","player character (.plr)","3696","3.6","2023-12-29 09:23:09","C:\Users\admin\Documents\My Games\Terraria\Players\速度与激情.plr","D:\Terraria_doc\Terraria_saves\Players\速度与激情.plr","A7767F80157975B1C195A020AC982616D577AFBB36DBD7AEB5DF11CEF2487135","角色存档；可放入 Players 目录恢复。"
"Players\速度与激情.plr.bak","速度与激情.plr.bak","player backup (.plr.bak)","3696","3.6","2023-12-29 09:22:53","C:\Users\admin\Documents\My Games\Terraria\Players\速度与激情.plr.bak","D:\Terraria_doc\Terraria_saves\Players\速度与激情.plr.bak","28EE2FD0EC03C7C93050914E21FA478BBC63B3EDD446D2186D423F2F147C28AF","角色存档；可放入 Players 目录恢复。"
"Players\速度与激情\0788467a-46a2-444a-b64e-139cfa2699d8.map","0788467a-46a2-444a-b64e-139cfa2699d8.map","per-player world map cache (.map)","12177","11.9","2023-12-29 09:23:09","C:\Users\admin\Documents\My Games\Terraria\Players\速度与激情\0788467a-46a2-444a-b64e-139cfa2699d8.map","D:\Terraria_doc\Terraria_saves\Players\速度与激情\0788467a-46a2-444a-b64e-139cfa2699d8.map","EAB341C245E8F7DD247B9A9549F8CB6681C76C5550FA7C615C10B6862A41510F","地图探索缓存；依赖对应玩家目录，通常不是核心存档，但可一起保留以恢复地图迷雾状态。"
"Players\速度与激情\1296385507.map","1296385507.map","per-player world map cache (.map)","691","0.7","2023-10-25 05:18:48","C:\Users\admin\Documents\My Games\Terraria\Players\速度与激情\1296385507.map","D:\Terraria_doc\Terraria_saves\Players\速度与激情\1296385507.map","06E271A31FFCFB2EAE697F930176BC008E20754CC2CA3CF7B23D41D02CDC11C6","地图探索缓存；依赖对应玩家目录，通常不是核心存档，但可一起保留以恢复地图迷雾状态。"
"Players\速度与激情\1440200674.map","1440200674.map","per-player world map cache (.map)","13762","13.4","2023-10-25 04:52:59","C:\Users\admin\Documents\My Games\Terraria\Players\速度与激情\1440200674.map","D:\Terraria_doc\Terraria_saves\Players\速度与激情\1440200674.map","B943CA17C22D76229372E85237A960EC0F7159158346E78334C7F34515804162","地图探索缓存；依赖对应玩家目录，通常不是核心存档，但可一起保留以恢复地图迷雾状态。"
"Players\速度与激情\273205665.map","273205665.map","per-player world map cache (.map)","11177","10.9","2023-12-29 09:15:14","C:\Users\admin\Documents\My Games\Terraria\Players\速度与激情\273205665.map","D:\Terraria_doc\Terraria_saves\Players\速度与激情\273205665.map","ED30E7594BC3B9FA86A16B4F0D32D161FB476AE71E9DB261A1DF7D2C3AE5E6FB","地图探索缓存；依赖对应玩家目录，通常不是核心存档，但可一起保留以恢复地图迷雾状态。"
"Players\速度与激情\359149763.map","359149763.map","per-player world map cache (.map)","4854","4.7","2023-10-25 05:15:26","C:\Users\admin\Documents\My Games\Terraria\Players\速度与激情\359149763.map","D:\Terraria_doc\Terraria_saves\Players\速度与激情\359149763.map","AD432AE0660682684882B7AEF5A6F42881507E6863BB67B45B9A7703EFBFDAFD","地图探索缓存；依赖对应玩家目录，通常不是核心存档，但可一起保留以恢复地图迷雾状态。"
"Players\速度与激情\571807e9-ceda-4e72-bb29-f68c9cbf01ae.map","571807e9-ceda-4e72-bb29-f68c9cbf01ae.map","per-player world map cache (.map)","10330","10.1","2023-10-25 05:16:33","C:\Users\admin\Documents\My Games\Terraria\Players\速度与激情\571807e9-ceda-4e72-bb29-f68c9cbf01ae.map","D:\Terraria_doc\Terraria_saves\Players\速度与激情\571807e9-ceda-4e72-bb29-f68c9cbf01ae.map","7ED90045A32E4E68179440D23085FD03E78E5B3A08FB84E7E3317FB3EBD24B3C","地图探索缓存；依赖对应玩家目录，通常不是核心存档，但可一起保留以恢复地图迷雾状态。"
"Players\速度与激情\584027831.map","584027831.map","per-player world map cache (.map)","2792","2.7","2023-10-25 05:13:24","C:\Users\admin\Documents\My Games\Terraria\Players\速度与激情\584027831.map","D:\Terraria_doc\Terraria_saves\Players\速度与激情\584027831.map","30DAFFECCAE4BE381971CB778DAB68CE421A7912B2C3039E282B1B671DA144C2","地图探索缓存；依赖对应玩家目录，通常不是核心存档，但可一起保留以恢复地图迷雾状态。"
"Players\速度与激情\5a20b81d-392a-4c45-8946-e011b48f1f5c.map","5a20b81d-392a-4c45-8946-e011b48f1f5c.map","per-player world map cache (.map)","12896","12.6","2023-10-25 04:49:07","C:\Users\admin\Documents\My Games\Terraria\Players\速度与激情\5a20b81d-392a-4c45-8946-e011b48f1f5c.map","D:\Terraria_doc\Terraria_saves\Players\速度与激情\5a20b81d-392a-4c45-8946-e011b48f1f5c.map","2CD9091BF483D79D660F0824C22BE5D7D643F2545924D1D544C102702885216A","地图探索缓存；依赖对应玩家目录，通常不是核心存档，但可一起保留以恢复地图迷雾状态。"
"Players\速度与激情\61619297-59af-49a6-825b-55f055530f42.map","61619297-59af-49a6-825b-55f055530f42.map","per-player world map cache (.map)","32586","31.8","2023-10-25 05:44:22","C:\Users\admin\Documents\My Games\Terraria\Players\速度与激情\61619297-59af-49a6-825b-55f055530f42.map","D:\Terraria_doc\Terraria_saves\Players\速度与激情\61619297-59af-49a6-825b-55f055530f42.map","717616E8AF02A91E6B0FDF7034816907A64C296207EA0457F603B8E7B14CB4FD","地图探索缓存；依赖对应玩家目录，通常不是核心存档，但可一起保留以恢复地图迷雾状态。"
"Players\速度与激情\768858ba-4465-4e5d-a82b-dcd9fafd9e57.map","768858ba-4465-4e5d-a82b-dcd9fafd9e57.map","per-player world map cache (.map)","14844","14.5","2023-10-25 15:56:37","C:\Users\admin\Documents\My Games\Terraria\Players\速度与激情\768858ba-4465-4e5d-a82b-dcd9fafd9e57.map","D:\Terraria_doc\Terraria_saves\Players\速度与激情\768858ba-4465-4e5d-a82b-dcd9fafd9e57.map","2DF8388069ABF93C04663ECD7027060FB7F860A3F0C56F5D3E064DBF47206B63","地图探索缓存；依赖对应玩家目录，通常不是核心存档，但可一起保留以恢复地图迷雾状态。"
"Players\速度与激情\880d53cd-7642-4968-9216-0e7a3e6139d3.map","880d53cd-7642-4968-9216-0e7a3e6139d3.map","per-player world map cache (.map)","5607","5.5","2023-10-25 05:19:45","C:\Users\admin\Documents\My Games\Terraria\Players\速度与激情\880d53cd-7642-4968-9216-0e7a3e6139d3.map","D:\Terraria_doc\Terraria_saves\Players\速度与激情\880d53cd-7642-4968-9216-0e7a3e6139d3.map","D50052EE9C1868733B897F577EBDAAF38596593923A9AFA88B5985248F66867E","地图探索缓存；依赖对应玩家目录，通常不是核心存档，但可一起保留以恢复地图迷雾状态。"
"Players\速度与激情\a4636407-d32a-40fb-9426-0374399c50e3.map","a4636407-d32a-40fb-9426-0374399c50e3.map","per-player world map cache (.map)","4807","4.7","2023-10-25 05:17:49","C:\Users\admin\Documents\My Games\Terraria\Players\速度与激情\a4636407-d32a-40fb-9426-0374399c50e3.map","D:\Terraria_doc\Terraria_saves\Players\速度与激情\a4636407-d32a-40fb-9426-0374399c50e3.map","CC6BBC00683B16113A2E2A48AD7F5D6E3661DEDE2F33210F190192E70054182A","地图探索缓存；依赖对应玩家目录，通常不是核心存档，但可一起保留以恢复地图迷雾状态。"
"Players\速度与激情\cb0a89c6-d333-41b3-88ee-bfb2aa4b90a4.map","cb0a89c6-d333-41b3-88ee-bfb2aa4b90a4.map","per-player world map cache (.map)","2917","2.8","2023-10-25 14:33:27","C:\Users\admin\Documents\My Games\Terraria\Players\速度与激情\cb0a89c6-d333-41b3-88ee-bfb2aa4b90a4.map","D:\Terraria_doc\Terraria_saves\Players\速度与激情\cb0a89c6-d333-41b3-88ee-bfb2aa4b90a4.map","4E2D91700A639DCFB96F94721599CB8873ED02AA610A647BD6E06D63301DFAD5","地图探索缓存；依赖对应玩家目录，通常不是核心存档，但可一起保留以恢复地图迷雾状态。"
"Players\速度与激情\f465a360-c270-4832-994f-f1f7722639cc.map","f465a360-c270-4832-994f-f1f7722639cc.map","per-player world map cache (.map)","2905","2.8","2023-10-26 14:23:16","C:\Users\admin\Documents\My Games\Terraria\Players\速度与激情\f465a360-c270-4832-994f-f1f7722639cc.map","D:\Terraria_doc\Terraria_saves\Players\速度与激情\f465a360-c270-4832-994f-f1f7722639cc.map","521264FBCC5C9218CF0490FFC1D6F8C4E088F49D034B7E142B22EEAD1E54E14F","地图探索缓存；依赖对应玩家目录，通常不是核心存档，但可一起保留以恢复地图迷雾状态。"
"Players\泰拉瑞亚装备铺.plr","泰拉瑞亚装备铺.plr","player character (.plr)","101472","99.1","2025-06-07 18:14:51","C:\Users\admin\Documents\My Games\Terraria\Players\泰拉瑞亚装备铺.plr","D:\Terraria_doc\Terraria_saves\Players\泰拉瑞亚装备铺.plr","827F741DDDB1FE6089BF71EE65208994FE00FD3879C196C5D4FE23ED302B58E5","角色存档；文件名暗示修改/装备铺/极限属性用途，整理时可单独归类。"
"Players\泰拉瑞亚装备铺.plr.bak","泰拉瑞亚装备铺.plr.bak","player backup (.plr.bak)","128000","125","2023-10-24 19:45:31","C:\Users\admin\Documents\My Games\Terraria\Players\泰拉瑞亚装备铺.plr.bak","D:\Terraria_doc\Terraria_saves\Players\泰拉瑞亚装备铺.plr.bak","09062CBEED26FA0B1267BD91B8B97EDE95E935132BC816113EBA917E38708F1A","角色存档；文件名暗示修改/装备铺/极限属性用途，整理时可单独归类。"
"Players\泰拉瑞亚装备铺\cb0a89c6-d333-41b3-88ee-bfb2aa4b90a4.map","cb0a89c6-d333-41b3-88ee-bfb2aa4b90a4.map","per-player world map cache (.map)","2496","2.4","2025-06-07 18:14:51","C:\Users\admin\Documents\My Games\Terraria\Players\泰拉瑞亚装备铺\cb0a89c6-d333-41b3-88ee-bfb2aa4b90a4.map","D:\Terraria_doc\Terraria_saves\Players\泰拉瑞亚装备铺\cb0a89c6-d333-41b3-88ee-bfb2aa4b90a4.map","F0F0B3A4FCA423100D16E1CCC3FFEBEE2F21B8E44F3641178D52159469673F26","地图探索缓存；依赖对应玩家目录，通常不是核心存档，但可一起保留以恢复地图迷雾状态。"
"Players\泰拉召唤师1.plr","泰拉召唤师1.plr","player character (.plr)","3712","3.6","2023-10-25 05:35:12","C:\Users\admin\Documents\My Games\Terraria\Players\泰拉召唤师1.plr","D:\Terraria_doc\Terraria_saves\Players\泰拉召唤师1.plr","8DF557C3E95A3056DE4879EB689345177FAE9FF545E725A21158930E63BD0ACC","角色存档；文件名暗示召唤师/星尘龙配置，优先保留。"
"Players\泰拉召唤师1.plr.bak","泰拉召唤师1.plr.bak","player backup (.plr.bak)","4016","3.9","2023-10-24 19:45:31","C:\Users\admin\Documents\My Games\Terraria\Players\泰拉召唤师1.plr.bak","D:\Terraria_doc\Terraria_saves\Players\泰拉召唤师1.plr.bak","6FD40B26B9113ED0BCFBA58C9574EC722105EF299E728470CA77ECF773A29578","角色存档；文件名暗示召唤师/星尘龙配置，优先保留。"
"Players\泰拉召唤师1\5d4abbad-0646-4264-8ef5-e864165ffc6b.map","5d4abbad-0646-4264-8ef5-e864165ffc6b.map","per-player world map cache (.map)","6778","6.6","2023-10-25 05:35:12","C:\Users\admin\Documents\My Games\Terraria\Players\泰拉召唤师1\5d4abbad-0646-4264-8ef5-e864165ffc6b.map","D:\Terraria_doc\Terraria_saves\Players\泰拉召唤师1\5d4abbad-0646-4264-8ef5-e864165ffc6b.map","5D64190275BB20964B03011A85C8B35F7A23C4E046C3C087B2AD362801E312A6","地图探索缓存；依赖对应玩家目录，通常不是核心存档，但可一起保留以恢复地图迷雾状态。"
"Players\污妖王.plr","污妖王.plr","player character (.plr)","4016","3.9","2023-10-24 19:45:31","C:\Users\admin\Documents\My Games\Terraria\Players\污妖王.plr","D:\Terraria_doc\Terraria_saves\Players\污妖王.plr","9915F8DD8149A3A2B00B8658DD3850D4FE168803FB9579BAE04285698ECA3BCB","角色存档；可放入 Players 目录恢复。"
"Players\无敌的法师.plr","无敌的法师.plr","player character (.plr)","3712","3.6","2023-10-25 14:35:08","C:\Users\admin\Documents\My Games\Terraria\Players\无敌的法师.plr","D:\Terraria_doc\Terraria_saves\Players\无敌的法师.plr","1E4584F76302CEDCFD5261385891279A871A3DF571FDD635A3C89FB147C78880","角色存档；文件名暗示法师/魔力配置，优先保留。"
"Players\无敌的法师.plr.bak","无敌的法师.plr.bak","player backup (.plr.bak)","2640","2.6","2023-10-24 19:45:32","C:\Users\admin\Documents\My Games\Terraria\Players\无敌的法师.plr.bak","D:\Terraria_doc\Terraria_saves\Players\无敌的法师.plr.bak","18554DB0C255EBDA7FBF2EAAC99548493CBF8E4D8F28FBBE2CA30E43B8D4BE3C","角色存档；文件名暗示法师/魔力配置，优先保留。"
"Players\无敌的法师\f465a360-c270-4832-994f-f1f7722639cc.map","f465a360-c270-4832-994f-f1f7722639cc.map","per-player world map cache (.map)","2151","2.1","2023-10-25 14:35:08","C:\Users\admin\Documents\My Games\Terraria\Players\无敌的法师\f465a360-c270-4832-994f-f1f7722639cc.map","D:\Terraria_doc\Terraria_saves\Players\无敌的法师\f465a360-c270-4832-994f-f1f7722639cc.map","6FFB38649144C3FB9F3C60D30B6204FED99C967D67998BD3B3AC0DE6B4A32D06","地图探索缓存；依赖对应玩家目录，通常不是核心存档，但可一起保留以恢复地图迷雾状态。"
"Players\无敌星尘龙召唤师.plr","无敌星尘龙召唤师.plr","player character (.plr)","104528","102.1","2023-10-24 19:45:33","C:\Users\admin\Documents\My Games\Terraria\Players\无敌星尘龙召唤师.plr","D:\Terraria_doc\Terraria_saves\Players\无敌星尘龙召唤师.plr","CE9C7381B9BD55F8199FC646A07E0A5F429F1FF2710C11B972FB681D4FE69D71","角色存档；文件名暗示召唤师/星尘龙配置，优先保留。"
"Players\战士.plr","战士.plr","player character (.plr)","3696","3.6","2023-10-27 13:53:55","C:\Users\admin\Documents\My Games\Terraria\Players\战士.plr","D:\Terraria_doc\Terraria_saves\Players\战士.plr","46C6E94567132C9854F517B9832F7F8ED95B7E7A17B3137590422B74ECDCEA14","角色存档；文件名暗示战士/防御配置，优先保留。"
"Players\战士.plr.bak","战士.plr.bak","player backup (.plr.bak)","3696","3.6","2023-10-25 05:22:41","C:\Users\admin\Documents\My Games\Terraria\Players\战士.plr.bak","D:\Terraria_doc\Terraria_saves\Players\战士.plr.bak","912C00D7EC6DDC7CF23E9A4874D540035690B67E39D1066EB9EF14A1181897C6","角色存档；文件名暗示战士/防御配置，优先保留。"
"Players\战士\1224312617.map","1224312617.map","per-player world map cache (.map)","9117","8.9","2023-10-25 05:22:41","C:\Users\admin\Documents\My Games\Terraria\Players\战士\1224312617.map","D:\Terraria_doc\Terraria_saves\Players\战士\1224312617.map","0720DDC4F2D8827A95AD7AB54DCC3A5DFC220B82B6B707976FE3134025808EA8","地图探索缓存；依赖对应玩家目录，通常不是核心存档，但可一起保留以恢复地图迷雾状态。"
"Players\战士\2048725460.map","2048725460.map","per-player world map cache (.map)","1610","1.6","2023-10-27 13:53:55","C:\Users\admin\Documents\My Games\Terraria\Players\战士\2048725460.map","D:\Terraria_doc\Terraria_saves\Players\战士\2048725460.map","6208A6C1406F0F8F323FD91E51FF3334D86A02A1686ADF42AF75B665383F1A13","地图探索缓存；依赖对应玩家目录，通常不是核心存档，但可一起保留以恢复地图迷雾状态。"
"Players\战士无敌存档.plr","战士无敌存档.plr","player character (.plr)","3760","3.7","2023-10-25 12:02:11","C:\Users\admin\Documents\My Games\Terraria\Players\战士无敌存档.plr","D:\Terraria_doc\Terraria_saves\Players\战士无敌存档.plr","0838D6204730A47A9FBAC74B5F970E4000BC12A51E48D555E8124A9B99C96700","角色存档；文件名暗示战士/防御配置，优先保留。"
"Players\战士无敌存档.plr.bak","战士无敌存档.plr.bak","player backup (.plr.bak)","3760","3.7","2023-10-25 11:56:36","C:\Users\admin\Documents\My Games\Terraria\Players\战士无敌存档.plr.bak","D:\Terraria_doc\Terraria_saves\Players\战士无敌存档.plr.bak","5E62F07836F8917D01917E4BB74F700C74C63C133B3383CA553D9D73316A5860","角色存档；文件名暗示战士/防御配置，优先保留。"
"Players\战士无敌存档\61619297-59af-49a6-825b-55f055530f42.map","61619297-59af-49a6-825b-55f055530f42.map","per-player world map cache (.map)","58507","57.1","2023-10-25 12:02:11","C:\Users\admin\Documents\My Games\Terraria\Players\战士无敌存档\61619297-59af-49a6-825b-55f055530f42.map","D:\Terraria_doc\Terraria_saves\Players\战士无敌存档\61619297-59af-49a6-825b-55f055530f42.map","2DC46E18D02A0D22E6BC7E6EE0B449DD54DAD3038AFF81AC8C84D3DAFDA81D95","地图探索缓存；依赖对应玩家目录，通常不是核心存档，但可一起保留以恢复地图迷雾状态。"
"Players\召唤师.plr","召唤师.plr","player character (.plr)","3696","3.6","2025-06-07 18:14:11","C:\Users\admin\Documents\My Games\Terraria\Players\召唤师.plr","D:\Terraria_doc\Terraria_saves\Players\召唤师.plr","35D4256774361EE9A780A72A4B8EB19D7317643CBFC9EA0581BECA9D70FECDC9","角色存档；文件名暗示召唤师/星尘龙配置，优先保留。"
"Players\召唤师.plr.bak","召唤师.plr.bak","player backup (.plr.bak)","3696","3.6","2023-10-29 07:13:48","C:\Users\admin\Documents\My Games\Terraria\Players\召唤师.plr.bak","D:\Terraria_doc\Terraria_saves\Players\召唤师.plr.bak","A9DEA3ABBD53324859B6F0D4DCBBB42763E415FD3C0A78A44B7F2F6FA999FFEB","角色存档；文件名暗示召唤师/星尘龙配置，优先保留。"
"Players\召唤师\c4c38e9f-dce6-4386-9ddc-8a6e7f6437cd.map","c4c38e9f-dce6-4386-9ddc-8a6e7f6437cd.map","per-player world map cache (.map)","3978","3.9","2023-10-25 05:11:46","C:\Users\admin\Documents\My Games\Terraria\Players\召唤师\c4c38e9f-dce6-4386-9ddc-8a6e7f6437cd.map","D:\Terraria_doc\Terraria_saves\Players\召唤师\c4c38e9f-dce6-4386-9ddc-8a6e7f6437cd.map","F5E8C33C9EE8C8B68F4D8C54F60637FC54DF42557D72EC9DAEC741806753F1EE","地图探索缓存；依赖对应玩家目录，通常不是核心存档，但可一起保留以恢复地图迷雾状态。"
"Players\召唤师\cb0a89c6-d333-41b3-88ee-bfb2aa4b90a4.map","cb0a89c6-d333-41b3-88ee-bfb2aa4b90a4.map","per-player world map cache (.map)","2403","2.3","2025-06-07 18:14:11","C:\Users\admin\Documents\My Games\Terraria\Players\召唤师\cb0a89c6-d333-41b3-88ee-bfb2aa4b90a4.map","D:\Terraria_doc\Terraria_saves\Players\召唤师\cb0a89c6-d333-41b3-88ee-bfb2aa4b90a4.map","871FC67C76954710CDF59E1C6E1A75FE57D334C73D044B4DB0B53A68EF66D09C","地图探索缓存；依赖对应玩家目录，通常不是核心存档，但可一起保留以恢复地图迷雾状态。"
"Players\召唤师\f465a360-c270-4832-994f-f1f7722639cc.map","f465a360-c270-4832-994f-f1f7722639cc.map","per-player world map cache (.map)","2842","2.8","2023-10-29 07:13:48","C:\Users\admin\Documents\My Games\Terraria\Players\召唤师\f465a360-c270-4832-994f-f1f7722639cc.map","D:\Terraria_doc\Terraria_saves\Players\召唤师\f465a360-c270-4832-994f-f1f7722639cc.map","E02A52845FE0CCEB8561FED1A8F7E1FF97BE354701C3561949DE4FD9B82DA985","地图探索缓存；依赖对应玩家目录，通常不是核心存档，但可一起保留以恢复地图迷雾状态。"
"Players\召唤师\fe8d11fc-b28a-49d7-b74d-5acc12fffc9f.map","fe8d11fc-b28a-49d7-b74d-5acc12fffc9f.map","per-player world map cache (.map)","1354","1.3","2023-10-25 05:09:57","C:\Users\admin\Documents\My Games\Terraria\Players\召唤师\fe8d11fc-b28a-49d7-b74d-5acc12fffc9f.map","D:\Terraria_doc\Terraria_saves\Players\召唤师\fe8d11fc-b28a-49d7-b74d-5acc12fffc9f.map","AC49129BC5B29618A5BF8B9F01A06DF93EFF415B270EFA4ABF7C8E6B587C4AC8","地图探索缓存；依赖对应玩家目录，通常不是核心存档，但可一起保留以恢复地图迷雾状态。"
"Players\真.战士.plr","真.战士.plr","player character (.plr)","4016","3.9","2023-10-24 19:45:29","C:\Users\admin\Documents\My Games\Terraria\Players\真.战士.plr","D:\Terraria_doc\Terraria_saves\Players\真.战士.plr","59AA4D0DA662CBF0588A18E7BFE23702698AA27D7E926517241EB8E8CCF5DD90","角色存档；文件名暗示战士/防御配置，优先保留。"
"Players\终级法师.plr","终级法师.plr","player character (.plr)","2640","2.6","2023-10-24 19:45:29","C:\Users\admin\Documents\My Games\Terraria\Players\终级法师.plr","D:\Terraria_doc\Terraria_saves\Players\终级法师.plr","37B1E021714660155A641A3F9499F1575039D1DDFEE16933FE76631B2B677068","角色存档；文件名暗示法师/魔力配置，优先保留。"
"Players\终级射手.plr","终级射手.plr","player character (.plr)","3712","3.6","2023-10-25 05:14:40","C:\Users\admin\Documents\My Games\Terraria\Players\终级射手.plr","D:\Terraria_doc\Terraria_saves\Players\终级射手.plr","2CAC3AFE5C26AFD12ABB91041E8A58724BED3E93F177CA6840C905775BB722B3","角色存档；文件名暗示射手配置，优先保留。"
"Players\终级射手.plr.bak","终级射手.plr.bak","player backup (.plr.bak)","4016","3.9","2023-10-24 19:45:30","C:\Users\admin\Documents\My Games\Terraria\Players\终级射手.plr.bak","D:\Terraria_doc\Terraria_saves\Players\终级射手.plr.bak","C14BBABFEAA15AF4D2100902770B5EC7F7D6E880AB5A7E0163139CF4966F1F9B","角色存档；文件名暗示射手配置，优先保留。"
"Players\终级射手\2129656472.map","2129656472.map","per-player world map cache (.map)","1529","1.5","2023-10-25 05:14:40","C:\Users\admin\Documents\My Games\Terraria\Players\终级射手\2129656472.map","D:\Terraria_doc\Terraria_saves\Players\终级射手\2129656472.map","7ADAEE0DF52C5E060BFD41C097AAA7774DE27D6DAE7BB198CB43C5EF642550E9","地图探索缓存；依赖对应玩家目录，通常不是核心存档，但可一起保留以恢复地图迷雾状态。"
"Players\终级召唤师.plr","终级召唤师.plr","player character (.plr)","5248","5.1","2023-10-24 19:45:29","C:\Users\admin\Documents\My Games\Terraria\Players\终级召唤师.plr","D:\Terraria_doc\Terraria_saves\Players\终级召唤师.plr","515ED24F22743DE9103BC809CF8EE2D3E430FEFB60B71F4CE8126F590BDA6B74","角色存档；文件名暗示召唤师/星尘龙配置，优先保留。"
"Worlds\1.4.4旅途全物品存档.wld","1.4.4旅途全物品存档.wld","world save (.wld)","683078","667.1","2023-10-24 19:45:19","C:\Users\admin\Documents\My Games\Terraria\Worlds\1.4.4旅途全物品存档.wld","D:\Terraria_doc\Terraria_saves\Worlds\1.4.4旅途全物品存档.wld","A91FDCCF3964F428E013DE85090930E748A957D84FEF2D6285AD5B26369DFAAA","世界存档；文件名暗示全物品/工坊地图，整理时可归入资源地图。"
"Worlds\1.4.4全物品（传奇）.wld","1.4.4全物品（传奇）.wld","world save (.wld)","2400796","2344.5","2025-06-07 18:14:11","C:\Users\admin\Documents\My Games\Terraria\Worlds\1.4.4全物品（传奇）.wld","D:\Terraria_doc\Terraria_saves\Worlds\1.4.4全物品（传奇）.wld","28167B7CE1A7709CEFFF16499E2DF2FB7F833404E9C6591B526BF7BFCC08AEA5","世界存档；文件名暗示全物品/工坊地图，整理时可归入资源地图。"
"Worlds\1.4.4全物品（传奇）.wld.bak","1.4.4全物品（传奇）.wld.bak","world backup (.wld.bak)","2400796","2344.5","2025-06-07 18:14:11","C:\Users\admin\Documents\My Games\Terraria\Worlds\1.4.4全物品（传奇）.wld.bak","D:\Terraria_doc\Terraria_saves\Worlds\1.4.4全物品（传奇）.wld.bak","B80E2370EDD84E2815052F8F1623BCE73AD2BD37FC56ABE8168DE81D82A8F976","世界存档；文件名暗示全物品/工坊地图，整理时可归入资源地图。"
"Worlds\1.4.4全物品（大师）(1).wld","1.4.4全物品（大师）(1).wld","world save (.wld)","2400885","2344.6","2023-10-24 19:45:23","C:\Users\admin\Documents\My Games\Terraria\Worlds\1.4.4全物品（大师）(1).wld","D:\Terraria_doc\Terraria_saves\Worlds\1.4.4全物品（大师）(1).wld","1987A654E03D56591B0F97482645D085E2DC33071BCEE026E2394E32497E8AEE","世界存档；文件名暗示全物品/工坊地图，整理时可归入资源地图。"
"Worlds\1.4.4全物品（经典）.wld","1.4.4全物品（经典）.wld","world save (.wld)","2400885","2344.6","2023-10-24 19:45:23","C:\Users\admin\Documents\My Games\Terraria\Worlds\1.4.4全物品（经典）.wld","D:\Terraria_doc\Terraria_saves\Worlds\1.4.4全物品（经典）.wld","847ACB759702A5615A291A1F6C5D9B2179FFEDA21EA5C6DFC519C101C9AA495B","世界存档；文件名暗示全物品/工坊地图，整理时可归入资源地图。"
"Worlds\1.4.4全物品（旅行）(1).wld","1.4.4全物品（旅行）(1).wld","world save (.wld)","2400754","2344.5","2025-06-07 18:14:51","C:\Users\admin\Documents\My Games\Terraria\Worlds\1.4.4全物品（旅行）(1).wld","D:\Terraria_doc\Terraria_saves\Worlds\1.4.4全物品（旅行）(1).wld","0E2A224AD30B4F8E9442A2B4D9BA08A52AC97C6448348831B963105472780D0F","世界存档；文件名暗示全物品/工坊地图，整理时可归入资源地图。"
"Worlds\1.4.4全物品（旅行）(1).wld.bak","1.4.4全物品（旅行）(1).wld.bak","world backup (.wld.bak)","2400754","2344.5","2025-06-07 18:14:51","C:\Users\admin\Documents\My Games\Terraria\Worlds\1.4.4全物品（旅行）(1).wld.bak","D:\Terraria_doc\Terraria_saves\Worlds\1.4.4全物品（旅行）(1).wld.bak","5943DFF7CD6FE010496C0E29AFEBB5F8AEF2950569A033B4EC66D23F9BFD38DB","世界存档；文件名暗示全物品/工坊地图，整理时可归入资源地图。"
"Worlds\1.4.4全物品（专家）(1).wld","1.4.4全物品（专家）(1).wld","world save (.wld)","2400796","2344.5","2023-10-25 14:33:27","C:\Users\admin\Documents\My Games\Terraria\Worlds\1.4.4全物品（专家）(1).wld","D:\Terraria_doc\Terraria_saves\Worlds\1.4.4全物品（专家）(1).wld","5DAA124A412947E1150DA554C011D9FC1E70C2E8C0AF762BD9DAA8FF5578B252","世界存档；文件名暗示全物品/工坊地图，整理时可归入资源地图。"
"Worlds\1.4.4全物品（专家）(1).wld.bak","1.4.4全物品（专家）(1).wld.bak","world backup (.wld.bak)","2400796","2344.5","2023-10-25 14:33:27","C:\Users\admin\Documents\My Games\Terraria\Worlds\1.4.4全物品（专家）(1).wld.bak","D:\Terraria_doc\Terraria_saves\Worlds\1.4.4全物品（专家）(1).wld.bak","6764BE7398FEC1C5DBFB97165F7AF42BFCE44F782A04FCF7AE8F813E2A4EF73C","世界存档；文件名暗示全物品/工坊地图，整理时可归入资源地图。"
"Worlds\1.4.4全物品存档（经典）.wld","1.4.4全物品存档（经典）.wld","world save (.wld)","683090","667.1","2023-10-24 19:45:26","C:\Users\admin\Documents\My Games\Terraria\Worlds\1.4.4全物品存档（经典）.wld","D:\Terraria_doc\Terraria_saves\Worlds\1.4.4全物品存档（经典）.wld","8D615D6A8EEACF6FC21460CAB13D53DF0BBFE049F2CF944E1938DAA861C9601C","世界存档；文件名暗示全物品/工坊地图，整理时可归入资源地图。"
"Worlds\1.4.4全物品存档（专家）.wld","1.4.4全物品存档（专家）.wld","world save (.wld)","683090","667.1","2023-10-24 19:45:27","C:\Users\admin\Documents\My Games\Terraria\Worlds\1.4.4全物品存档（专家）.wld","D:\Terraria_doc\Terraria_saves\Worlds\1.4.4全物品存档（专家）.wld","CD80EED40EEF83567A1C97D2DFA61FCBC6DCF95940E64B02C2A542EFE5A78538","世界存档；文件名暗示全物品/工坊地图，整理时可归入资源地图。"
"Worlds\1000剑冢.wld","1000剑冢.wld","world save (.wld)","101914","99.5","2023-10-25 05:18:48","C:\Users\admin\Documents\My Games\Terraria\Worlds\1000剑冢.wld","D:\Terraria_doc\Terraria_saves\Worlds\1000剑冢.wld","5082EFADE962F64FC9B83C59F8BD69A22B3DB1216DA95AE6D5AC9A04503833D7","世界存档；可放入 Worlds 目录恢复。"
"Worlds\1000剑冢.wld.bak","1000剑冢.wld.bak","world backup (.wld.bak)","100956","98.6","2023-10-25 05:18:48","C:\Users\admin\Documents\My Games\Terraria\Worlds\1000剑冢.wld.bak","D:\Terraria_doc\Terraria_saves\Worlds\1000剑冢.wld.bak","B9E965082CF23CC4076155FF6738F77ABC67BB0320B7018BB6D10121194C7556","世界存档；可放入 Worlds 目录恢复。"
"Worlds\11全物品存档地图.wld","11全物品存档地图.wld","world save (.wld)","1261851","1232.3","2023-10-24 19:45:22","C:\Users\admin\Documents\My Games\Terraria\Worlds\11全物品存档地图.wld","D:\Terraria_doc\Terraria_saves\Worlds\11全物品存档地图.wld","A37C41E24D1BA83B17E8EF0D5C0DD50170C2F8ED00C796E3F271DCC28DCF5D53","世界存档；文件名暗示全物品/工坊地图，整理时可归入资源地图。"
"Worlds\1644933209431-dreamscape.wld","1644933209431-dreamscape.wld","world save (.wld)","7049136","6883.9","2023-10-25 15:56:37","C:\Users\admin\Documents\My Games\Terraria\Worlds\1644933209431-dreamscape.wld","D:\Terraria_doc\Terraria_saves\Worlds\1644933209431-dreamscape.wld","40E967A7AA6A6F7DF748F8524F7DD2A5318C4FDEF3E824C8F127B0FF1B1CEF6C","世界存档；可放入 Worlds 目录恢复。"
"Worlds\1644933209431-dreamscape.wld.bak","1644933209431-dreamscape.wld.bak","world backup (.wld.bak)","7048958","6883.7","2023-10-25 15:56:37","C:\Users\admin\Documents\My Games\Terraria\Worlds\1644933209431-dreamscape.wld.bak","D:\Terraria_doc\Terraria_saves\Worlds\1644933209431-dreamscape.wld.bak","E04CE61837CFC74144CEE0C30616347A6EDDCB79019EE6C97E1BA45D7B9FCC92","世界存档；可放入 Worlds 目录恢复。"
"Worlds\Builders_workshop_1.4.4-Classic.wld","Builders_workshop_1.4.4-Classic.wld","world save (.wld)","712173","695.5","2023-10-29 07:13:49","C:\Users\admin\Documents\My Games\Terraria\Worlds\Builders_workshop_1.4.4-Classic.wld","D:\Terraria_doc\Terraria_saves\Worlds\Builders_workshop_1.4.4-Classic.wld","036B9B79621BF95A3B6E167A4D00ADE492BFE1F3701C0AF6A71281496EBA6BCA","世界存档；文件名暗示全物品/工坊地图，整理时可归入资源地图。"
"Worlds\Builders_workshop_1.4.4-Classic.wld.bak","Builders_workshop_1.4.4-Classic.wld.bak","world backup (.wld.bak)","712157","695.5","2023-10-29 07:13:49","C:\Users\admin\Documents\My Games\Terraria\Worlds\Builders_workshop_1.4.4-Classic.wld.bak","D:\Terraria_doc\Terraria_saves\Worlds\Builders_workshop_1.4.4-Classic.wld.bak","D1F6810483EC467AF223F273B14F284E97EB7D9B1AFDA6C9376E00B57AF8EC25","世界存档；文件名暗示全物品/工坊地图，整理时可归入资源地图。"
"Worlds\Chinese New Year Promenade 2.0.wld","Chinese New Year Promenade 2.0.wld","world save (.wld)","1472275","1437.8","2023-12-29 09:15:14","C:\Users\admin\Documents\My Games\Terraria\Worlds\Chinese New Year Promenade 2.0.wld","D:\Terraria_doc\Terraria_saves\Worlds\Chinese New Year Promenade 2.0.wld","544FC144A51A67C0F7960090C05E53F1F4D1D36F34CD2771E69D0342969584F7","世界存档；文件名暗示建筑/展示/挑战地图。"
"Worlds\Chinese New Year Promenade 2.0.wld.bak","Chinese New Year Promenade 2.0.wld.bak","world backup (.wld.bak)","1472349","1437.8","2023-12-29 09:15:14","C:\Users\admin\Documents\My Games\Terraria\Worlds\Chinese New Year Promenade 2.0.wld.bak","D:\Terraria_doc\Terraria_saves\Worlds\Chinese New Year Promenade 2.0.wld.bak","39921C425DE62DCE90D29F5642D1EA7DED114333BF311D4E2EB05A6ACF42856D","世界存档；文件名暗示建筑/展示/挑战地图。"
"Worlds\Cookiest1.4.4AIW-Classic.wld","Cookiest1.4.4AIW-Classic.wld","world save (.wld)","254576","248.6","2023-10-28 11:08:10","C:\Users\admin\Documents\My Games\Terraria\Worlds\Cookiest1.4.4AIW-Classic.wld","D:\Terraria_doc\Terraria_saves\Worlds\Cookiest1.4.4AIW-Classic.wld","1D52C1234023B903AFC79C4E50272B90E569A2AFB6B4448F4DF64F80B45E6E83","世界存档；文件名含难度/模式信息，整理时保留模式标签。"
"Worlds\Cookiest1.4.4AIW-Classic.wld.bak","Cookiest1.4.4AIW-Classic.wld.bak","world backup (.wld.bak)","254517","248.6","2023-10-28 11:08:10","C:\Users\admin\Documents\My Games\Terraria\Worlds\Cookiest1.4.4AIW-Classic.wld.bak","D:\Terraria_doc\Terraria_saves\Worlds\Cookiest1.4.4AIW-Classic.wld.bak","A0713980B6B44BCFA72CD6B3F4E4E595B235752B5F376D25A2BD24AADABC935F","世界存档；文件名含难度/模式信息，整理时保留模式标签。"
"Worlds\Drone-Maze-Expert.wld","Drone-Maze-Expert.wld","world save (.wld)","3010657","2940.1","2023-10-25 05:17:49","C:\Users\admin\Documents\My Games\Terraria\Worlds\Drone-Maze-Expert.wld","D:\Terraria_doc\Terraria_saves\Worlds\Drone-Maze-Expert.wld","D68A0F9BA80A516DBC9A8DC0B7DA8C355BE78774501A24BFE926D1AFE79341DD","世界存档；文件名暗示建筑/展示/挑战地图。"
"Worlds\Drone-Maze-Expert.wld.bak","Drone-Maze-Expert.wld.bak","world backup (.wld.bak)","3010617","2940.1","2023-10-25 05:17:49","C:\Users\admin\Documents\My Games\Terraria\Worlds\Drone-Maze-Expert.wld.bak","D:\Terraria_doc\Terraria_saves\Worlds\Drone-Maze-Expert.wld.bak","7F4980FC92F40FEE1A77F56EA3B8147DB7E87550DAAE27D792D2DE40D1327E01","世界存档；文件名暗示建筑/展示/挑战地图。"
"Worlds\Farm Grinder v2.wld","Farm Grinder v2.wld","world save (.wld)","2495986","2437.5","2023-10-25 08:46:21","C:\Users\admin\Documents\My Games\Terraria\Worlds\Farm Grinder v2.wld","D:\Terraria_doc\Terraria_saves\Worlds\Farm Grinder v2.wld","1A8E343D45C4316DEEB4DF083A41DF85C3A45CE73E3A2B5F1EAB5481E5AE1039","世界存档；文件名暗示农场/刷物/钓鱼功能地图。"
"Worlds\Farm Grinder v2.wld.bak","Farm Grinder v2.wld.bak","world backup (.wld.bak)","2495684","2437.2","2023-10-25 08:46:21","C:\Users\admin\Documents\My Games\Terraria\Worlds\Farm Grinder v2.wld.bak","D:\Terraria_doc\Terraria_saves\Worlds\Farm Grinder v2.wld.bak","D029E013AC5C9B9FD9CCC94A45B5E8A80DC48F13DD2663556F807B31452788C7","世界存档；文件名暗示农场/刷物/钓鱼功能地图。"
"Worlds\Island6.wld","Island6.wld","world save (.wld)","806546","787.6","2023-10-24 19:45:13","C:\Users\admin\Documents\My Games\Terraria\Worlds\Island6.wld","D:\Terraria_doc\Terraria_saves\Worlds\Island6.wld","65CE102865132525507712D991A93B391FA5851AF2BD5730A39295884123E046","世界存档；可放入 Worlds 目录恢复。"
"Worlds\Jbro129's 1.4.1-1.4.3 All Items Map.wld","Jbro129's 1.4.1-1.4.3 All Items Map.wld","world save (.wld)","25564","25","2023-10-24 19:45:10","C:\Users\admin\Documents\My Games\Terraria\Worlds\Jbro129's 1.4.1-1.4.3 All Items Map.wld","D:\Terraria_doc\Terraria_saves\Worlds\Jbro129's 1.4.1-1.4.3 All Items Map.wld","572E4383B30B81E3C779FA8DA654B421A2616FD026CB23BFFDBCC9187B2052F4","世界存档；文件名暗示全物品/工坊地图，整理时可归入资源地图。"
"Worlds\Jbro129's 1.4.1-1.4.3 All Items Map.wld (1).bak","Jbro129's 1.4.1-1.4.3 All Items Map.wld (1).bak","backup (.bak)","25700","25.1","2023-10-28 11:13:09","C:\Users\admin\Documents\My Games\Terraria\Worlds\Jbro129's 1.4.1-1.4.3 All Items Map.wld (1).bak","D:\Terraria_doc\Terraria_saves\Worlds\Jbro129's 1.4.1-1.4.3 All Items Map.wld (1).bak","B1D5C1B4D1AA88892D94D4F4E78C6D93B82F622E49815AF78102C813A5347C36","游戏自动/手动备份；恢复时通常去掉 .bak 后缀或作为回滚版本保留。"
"Worlds\Jbro129's 1.4.1-1.4.3.2 Prep World.wld","Jbro129's 1.4.1-1.4.3.2 Prep World.wld","world save (.wld)","31604","30.9","2023-10-27 13:53:55","C:\Users\admin\Documents\My Games\Terraria\Worlds\Jbro129's 1.4.1-1.4.3.2 Prep World.wld","D:\Terraria_doc\Terraria_saves\Worlds\Jbro129's 1.4.1-1.4.3.2 Prep World.wld","A1D3F608492578912DE2AFED2DB5ED60D59100C01C66FF7D1DB76C0EF619D7BB","世界存档；可放入 Worlds 目录恢复。"
"Worlds\Jbro129's 1.4.1-1.4.3.2 Prep World.wld.bak","Jbro129's 1.4.1-1.4.3.2 Prep World.wld.bak","world backup (.wld.bak)","31464","30.7","2023-10-27 13:53:55","C:\Users\admin\Documents\My Games\Terraria\Worlds\Jbro129's 1.4.1-1.4.3.2 Prep World.wld.bak","D:\Terraria_doc\Terraria_saves\Worlds\Jbro129's 1.4.1-1.4.3.2 Prep World.wld.bak","010C76DE003AFC88B05C2F629EDCF49E6F518EC698A95A590E3E9D19F554E9A9","世界存档；可放入 Worlds 目录恢复。"
"Worlds\Jbro129's Workshop Large (Updated).wld","Jbro129's Workshop Large (Updated).wld","world save (.wld)","1444020","1410.2","2023-10-27 14:08:26","C:\Users\admin\Documents\My Games\Terraria\Worlds\Jbro129's Workshop Large (Updated).wld","D:\Terraria_doc\Terraria_saves\Worlds\Jbro129's Workshop Large (Updated).wld","FFCA25B81A7EED5964967EA890C3900C4D34E018D1C310F4BF52335CA4EA6562","世界存档；文件名暗示全物品/工坊地图，整理时可归入资源地图。"
"Worlds\Jbro129's Workshop Large (Updated).wld.bak","Jbro129's Workshop Large (Updated).wld.bak","world backup (.wld.bak)","1443497","1409.7","2023-10-27 14:08:26","C:\Users\admin\Documents\My Games\Terraria\Worlds\Jbro129's Workshop Large (Updated).wld.bak","D:\Terraria_doc\Terraria_saves\Worlds\Jbro129's Workshop Large (Updated).wld.bak","E7E8018645081006747F5DC120B834A0D67B298CFAF1BA7F13AB04EFCFABE064","世界存档；文件名暗示全物品/工坊地图，整理时可归入资源地图。"
"Worlds\Nemnogo-veshchey-Expert.wld","Nemnogo-veshchey-Expert.wld","world save (.wld)","2976062","2906.3","2023-10-25 05:16:33","C:\Users\admin\Documents\My Games\Terraria\Worlds\Nemnogo-veshchey-Expert.wld","D:\Terraria_doc\Terraria_saves\Worlds\Nemnogo-veshchey-Expert.wld","E43188BEFB6B54A0D5114E4E99C8570295B108B32CF2791B119683CD7A9C35DD","世界存档；文件名含难度/模式信息，整理时保留模式标签。"
"Worlds\Nemnogo-veshchey-Expert.wld.bak","Nemnogo-veshchey-Expert.wld.bak","world backup (.wld.bak)","2975802","2906.1","2023-10-25 05:16:33","C:\Users\admin\Documents\My Games\Terraria\Worlds\Nemnogo-veshchey-Expert.wld.bak","D:\Terraria_doc\Terraria_saves\Worlds\Nemnogo-veshchey-Expert.wld.bak","79CBDD7DA719C6336F095B7E4290E8081D8C8675426190EAAC5A93A9FA17156F","世界存档；文件名含难度/模式信息，整理时保留模式标签。"
"Worlds\Silver_Scrubland.wld","Silver_Scrubland.wld","world save (.wld)","3012325","2941.7","2023-12-29 09:23:09","C:\Users\admin\Documents\My Games\Terraria\Worlds\Silver_Scrubland.wld","D:\Terraria_doc\Terraria_saves\Worlds\Silver_Scrubland.wld","03B7343D288014FE84BB7211006D2F01CF0308B85913095DB1BC8E806DC96D62","世界存档；可放入 Worlds 目录恢复。"
"Worlds\Silver_Scrubland.wld.bak","Silver_Scrubland.wld.bak","world backup (.wld.bak)","3012196","2941.6","2023-12-29 09:23:09","C:\Users\admin\Documents\My Games\Terraria\Worlds\Silver_Scrubland.wld.bak","D:\Terraria_doc\Terraria_saves\Worlds\Silver_Scrubland.wld.bak","E2D04ED8CEAB3B3E1C433C2A39C57E999D9C58024A05D5BCD7717FD68CD9BD98","世界存档；可放入 Worlds 目录恢复。"
"Worlds\SUNV XTRA All Items 1.4+ 2022 (Updated).wld","SUNV XTRA All Items 1.4+ 2022 (Updated).wld","world save (.wld)","557789","544.7","2023-10-27 13:55:22","C:\Users\admin\Documents\My Games\Terraria\Worlds\SUNV XTRA All Items 1.4+ 2022 (Updated).wld","D:\Terraria_doc\Terraria_saves\Worlds\SUNV XTRA All Items 1.4+ 2022 (Updated).wld","D48D095240BE1464F59602C0132C7DC3424C1B119000A0C73BEC7921258B3999","世界存档；文件名暗示全物品/工坊地图，整理时可归入资源地图。"
"Worlds\SUNV XTRA All Items 1.4+ 2022 (Updated).wld.bak","SUNV XTRA All Items 1.4+ 2022 (Updated).wld.bak","world backup (.wld.bak)","557789","544.7","2023-10-27 13:55:23","C:\Users\admin\Documents\My Games\Terraria\Worlds\SUNV XTRA All Items 1.4+ 2022 (Updated).wld.bak","D:\Terraria_doc\Terraria_saves\Worlds\SUNV XTRA All Items 1.4+ 2022 (Updated).wld.bak","5F161287668E947F0876756F94F5DCFC7D638A45C4B999D1851FA5EB55F749FC","世界存档；文件名暗示全物品/工坊地图，整理时可归入资源地图。"
"Worlds\SUNV+XTRA_ALL+ITEMS-1.4-2022!(MOBILE_M!).wld","SUNV+XTRA_ALL+ITEMS-1.4-2022!(MOBILE_M!).wld","world save (.wld)","672050","656.3","2023-10-24 20:20:25","C:\Users\admin\Documents\My Games\Terraria\Worlds\SUNV+XTRA_ALL+ITEMS-1.4-2022!(MOBILE_M!).wld","D:\Terraria_doc\Terraria_saves\Worlds\SUNV+XTRA_ALL+ITEMS-1.4-2022!(MOBILE_M!).wld","5809A0DA8887B4647B460F81D5450A0B02BE619E3482C0BCFF4CB7AE3F506DD7","世界存档；文件名暗示全物品/工坊地图，整理时可归入资源地图。"
"Worlds\SUNV+XTRA_ALL+ITEMS-1.4-2022!(MOBILE_M!).wld.bak","SUNV+XTRA_ALL+ITEMS-1.4-2022!(MOBILE_M!).wld.bak","world backup (.wld.bak)","671944","656.2","2023-10-24 20:20:25","C:\Users\admin\Documents\My Games\Terraria\Worlds\SUNV+XTRA_ALL+ITEMS-1.4-2022!(MOBILE_M!).wld.bak","D:\Terraria_doc\Terraria_saves\Worlds\SUNV+XTRA_ALL+ITEMS-1.4-2022!(MOBILE_M!).wld.bak","48B8BBFCA9FAB4D3225CB2C379C0906E096218B7C0B9CC0169AC9B846F610D98","世界存档；文件名暗示全物品/工坊地图，整理时可归入资源地图。"
"Worlds\SUNV+XTRA_ALL+ITEMS-1.4-2022!(PC_M!).wld","SUNV+XTRA_ALL+ITEMS-1.4-2022!(PC_M!).wld","world save (.wld)","669908","654.2","2023-10-25 04:49:07","C:\Users\admin\Documents\My Games\Terraria\Worlds\SUNV+XTRA_ALL+ITEMS-1.4-2022!(PC_M!).wld","D:\Terraria_doc\Terraria_saves\Worlds\SUNV+XTRA_ALL+ITEMS-1.4-2022!(PC_M!).wld","6AFEC7B080953342857B5B48E7E290715F21A1A854C50D36C9465CFECB435E86","世界存档；文件名暗示全物品/工坊地图，整理时可归入资源地图。"
"Worlds\SUNV+XTRA_ALL+ITEMS-1.4-2022!(PC_M!).wld.bak","SUNV+XTRA_ALL+ITEMS-1.4-2022!(PC_M!).wld.bak","world backup (.wld.bak)","669802","654.1","2023-10-25 04:49:07","C:\Users\admin\Documents\My Games\Terraria\Worlds\SUNV+XTRA_ALL+ITEMS-1.4-2022!(PC_M!).wld.bak","D:\Terraria_doc\Terraria_saves\Worlds\SUNV+XTRA_ALL+ITEMS-1.4-2022!(PC_M!).wld.bak","8DB5925DDD343ACF1844F77040542822F5B9D22D4BEAE8558A1C22EA8501BF74","世界存档；文件名暗示全物品/工坊地图，整理时可归入资源地图。"
"Worlds\Super Awsome Parkour Map of Death.wld","Super Awsome Parkour Map of Death.wld","world save (.wld)","2358286","2303","2023-10-24 19:45:06","C:\Users\admin\Documents\My Games\Terraria\Worlds\Super Awsome Parkour Map of Death.wld","D:\Terraria_doc\Terraria_saves\Worlds\Super Awsome Parkour Map of Death.wld","AC07352F2A1D09216A2B78A2FE6F73ED1BAB86F69D58BEFDF34C6E4A5A560258","世界存档；文件名暗示建筑/展示/挑战地图。"
"Worlds\Super Mario Terraria 2.wld","Super Mario Terraria 2.wld","world save (.wld)","4428637","4324.8","2023-10-24 19:45:05","C:\Users\admin\Documents\My Games\Terraria\Worlds\Super Mario Terraria 2.wld","D:\Terraria_doc\Terraria_saves\Worlds\Super Mario Terraria 2.wld","1E2BA90707567195841C3AFC03E2A5479020CA1ACAE9DC0B88FFAB081792111C","世界存档；文件名暗示建筑/展示/挑战地图。"
"Worlds\TerrariaSavage's World.wld","TerrariaSavage's World.wld","world save (.wld)","3207043","3131.9","2023-10-24 19:44:59","C:\Users\admin\Documents\My Games\Terraria\Worlds\TerrariaSavage's World.wld","D:\Terraria_doc\Terraria_saves\Worlds\TerrariaSavage's World.wld","1090D263358644FEDBDBB6B478DD798743963DE734FC94150B5EE49D4F99A087","世界存档；可放入 Worlds 目录恢复。"
"Worlds\The Ashwood Vale.wld","The Ashwood Vale.wld","world save (.wld)","6559454","6405.7","2023-10-24 19:45:06","C:\Users\admin\Documents\My Games\Terraria\Worlds\The Ashwood Vale.wld","D:\Terraria_doc\Terraria_saves\Worlds\The Ashwood Vale.wld","43F621FE80081E9F327DCAD600DF16308F26CD548D6F003EC496148970CDD8A7","世界存档；可放入 Worlds 目录恢复。"
"Worlds\World-Top-Journey .wld","World-Top-Journey .wld","world save (.wld)","3013631","2943","2023-10-25 05:35:12","C:\Users\admin\Documents\My Games\Terraria\Worlds\World-Top-Journey .wld","D:\Terraria_doc\Terraria_saves\Worlds\World-Top-Journey .wld","195BE577C5E540FC941B2172CBB0E401AE516334155404B571CD49B1AA4DEEBA","世界存档；文件名含难度/模式信息，整理时保留模式标签。"
"Worlds\World-Top-Journey .wld.bak","World-Top-Journey .wld.bak","world backup (.wld.bak)","3013641","2943","2023-10-25 05:35:12","C:\Users\admin\Documents\My Games\Terraria\Worlds\World-Top-Journey .wld.bak","D:\Terraria_doc\Terraria_saves\Worlds\World-Top-Journey .wld.bak","DDF9F88929DFFE149FFECF6E52C3C3153A5520CD3DEBF6C8D9EF21C552C604BD","世界存档；文件名含难度/模式信息，整理时保留模式标签。"
"Worlds\古墓.wld","古墓.wld","world save (.wld)","2945393","2876.4","2023-10-24 19:44:47","C:\Users\admin\Documents\My Games\Terraria\Worlds\古墓.wld","D:\Terraria_doc\Terraria_saves\Worlds\古墓.wld","31A2912C31B9075A456C63009790008A4E6DCC64AA37FB020CC1CC07FC8C1A22","世界存档；可放入 Worlds 目录恢复。"
"Worlds\混合钓鱼场.wld","混合钓鱼场.wld","world save (.wld)","2844712","2778","2023-10-25 05:22:41","C:\Users\admin\Documents\My Games\Terraria\Worlds\混合钓鱼场.wld","D:\Terraria_doc\Terraria_saves\Worlds\混合钓鱼场.wld","EE4885DA91E571E82E7EF73459AB78E9B5217601845885E574EEA53D2A55D6A2","世界存档；文件名暗示农场/刷物/钓鱼功能地图。"
"Worlds\混合钓鱼场.wld.bak","混合钓鱼场.wld.bak","world backup (.wld.bak)","2844625","2778","2023-10-25 05:22:41","C:\Users\admin\Documents\My Games\Terraria\Worlds\混合钓鱼场.wld.bak","D:\Terraria_doc\Terraria_saves\Worlds\混合钓鱼场.wld.bak","F652CEECADDF2516BD8B3C101C47FC983F24CC0F9D45D6BF8DA9CB3022DC43E3","世界存档；文件名暗示农场/刷物/钓鱼功能地图。"
"Worlds\简易松露虫农场.wld","简易松露虫农场.wld","world save (.wld)","2764661","2699.9","2025-02-21 09:51:31","C:\Users\admin\Documents\My Games\Terraria\Worlds\简易松露虫农场.wld","D:\Terraria_doc\Terraria_saves\Worlds\简易松露虫农场.wld","C1B764E11A2632DF24AAFAA11837E5FECB846DB30E98335F3D41B7BC1C194C11","世界存档；文件名暗示农场/刷物/钓鱼功能地图。"
"Worlds\简易松露虫农场.wld.bak","简易松露虫农场.wld.bak","world backup (.wld.bak)","2764500","2699.7","2025-02-21 09:51:31","C:\Users\admin\Documents\My Games\Terraria\Worlds\简易松露虫农场.wld.bak","D:\Terraria_doc\Terraria_saves\Worlds\简易松露虫农场.wld.bak","1EC0F46AF6EA1C6337618BDE471E4890B4F54C4FF49A1BBDABC081112DB6B86F","世界存档；文件名暗示农场/刷物/钓鱼功能地图。"
"Worlds\建筑 小房屋.wld","建筑 小房屋.wld","world save (.wld)","2959225","2889.9","2023-10-24 19:44:51","C:\Users\admin\Documents\My Games\Terraria\Worlds\建筑 小房屋.wld","D:\Terraria_doc\Terraria_saves\Worlds\建筑 小房屋.wld","4DB257207CD17743CF1D9929049C08E3CE220394A3254A0B2216B6F45D42315D","世界存档；文件名暗示建筑/展示/挑战地图。"
"Worlds\建筑 月亮之屋.wld","建筑 月亮之屋.wld","world save (.wld)","10380955","10137.7","2023-11-23 09:52:42","C:\Users\admin\Documents\My Games\Terraria\Worlds\建筑 月亮之屋.wld","D:\Terraria_doc\Terraria_saves\Worlds\建筑 月亮之屋.wld","B9B6DAC88E8B997C2E9284D2F9C8B111CD0407E2DE63D951A4EB6D5667CB85BE","世界存档；文件名暗示建筑/展示/挑战地图。"
"Worlds\建筑 月亮之屋.wld.bak","建筑 月亮之屋.wld.bak","world backup (.wld.bak)","10380648","10137.4","2023-11-23 09:52:42","C:\Users\admin\Documents\My Games\Terraria\Worlds\建筑 月亮之屋.wld.bak","D:\Terraria_doc\Terraria_saves\Worlds\建筑 月亮之屋.wld.bak","90046F2EBE0B5DB4E590AE56BF5A2F14F4BBC1FD7D1C8BD1AE3DF23E9D04E831","世界存档；文件名暗示建筑/展示/挑战地图。"
"Worlds\空岛求生0.wld","空岛求生0.wld","world save (.wld)","16329","15.9","2023-10-25 05:09:57","C:\Users\admin\Documents\My Games\Terraria\Worlds\空岛求生0.wld","D:\Terraria_doc\Terraria_saves\Worlds\空岛求生0.wld","8EFA47AC3825189BC5A7099565B73A3A27D8F3F339FE20E201DA54C9B68646E3","世界存档；可放入 Worlds 目录恢复。"
"Worlds\空岛求生0.wld.bak","空岛求生0.wld.bak","world backup (.wld.bak)","16221","15.8","2023-10-25 05:09:57","C:\Users\admin\Documents\My Games\Terraria\Worlds\空岛求生0.wld.bak","D:\Terraria_doc\Terraria_saves\Worlds\空岛求生0.wld.bak","CE342B68ABC80C72CA3FB8E4D58FE21DF92559869B1FEA6859FC454CF044D4DC","世界存档；可放入 Worlds 目录恢复。"
"Worlds\南瓜神教.wld","南瓜神教.wld","world save (.wld)","2794770","2729.3","2023-10-25 05:14:40","C:\Users\admin\Documents\My Games\Terraria\Worlds\南瓜神教.wld","D:\Terraria_doc\Terraria_saves\Worlds\南瓜神教.wld","A62AD7AEC772F2E509D2A3037E2EAD58B1D78331A9BACFCA212CA1169DA25D33","世界存档；可放入 Worlds 目录恢复。"
"Worlds\南瓜神教.wld.bak","南瓜神教.wld.bak","world backup (.wld.bak)","2794428","2728.9","2023-10-25 05:14:40","C:\Users\admin\Documents\My Games\Terraria\Worlds\南瓜神教.wld.bak","D:\Terraria_doc\Terraria_saves\Worlds\南瓜神教.wld.bak","14E06F05BC3C72CA6CC4C37783BAEB93A28F978549ABED2EFFE7BA0AEA7DF323","世界存档；可放入 Worlds 目录恢复。"
"Worlds\全物品终极版.wld","全物品终极版.wld","world save (.wld)","378896","370","2023-10-24 19:44:50","C:\Users\admin\Documents\My Games\Terraria\Worlds\全物品终极版.wld","D:\Terraria_doc\Terraria_saves\Worlds\全物品终极版.wld","8A300AC1EE8EB5136C49DD109BC37AC5D29F0F245C2560D9062ADB904BE4F878","世界存档；文件名暗示全物品/工坊地图，整理时可归入资源地图。"
"Worlds\生命木.wld","生命木.wld","world save (.wld)","2884400","2816.8","2023-10-25 05:11:46","C:\Users\admin\Documents\My Games\Terraria\Worlds\生命木.wld","D:\Terraria_doc\Terraria_saves\Worlds\生命木.wld","F3C46D360F39353E64248B60BFA5490C500BDFC9C10F498AAC433E9E210342E8","世界存档；可放入 Worlds 目录恢复。"
"Worlds\生命木.wld.bak","生命木.wld.bak","world backup (.wld.bak)","2883814","2816.2","2023-10-25 05:11:46","C:\Users\admin\Documents\My Games\Terraria\Worlds\生命木.wld.bak","D:\Terraria_doc\Terraria_saves\Worlds\生命木.wld.bak","C98BF875D36830EA6B3134FB78CA0E08BFFB914CDCE3E97AD0A75F9B2CFBA859","世界存档；可放入 Worlds 目录恢复。"
"Worlds\史莱姆之屋.wld","史莱姆之屋.wld","world save (.wld)","10173069","9934.6","2023-10-24 19:44:52","C:\Users\admin\Documents\My Games\Terraria\Worlds\史莱姆之屋.wld","D:\Terraria_doc\Terraria_saves\Worlds\史莱姆之屋.wld","5A877AB32CCC3FBC252A0710D9FEFBD1430DDAF3D7363EF372CB2C16D55B9262","世界存档；可放入 Worlds 目录恢复。"
"Worlds\水晶宫（正常）.wld","水晶宫（正常）.wld","world save (.wld)","2862764","2795.7","2023-10-25 05:13:24","C:\Users\admin\Documents\My Games\Terraria\Worlds\水晶宫（正常）.wld","D:\Terraria_doc\Terraria_saves\Worlds\水晶宫（正常）.wld","B6A42F6A579BF0F8DECF1A669D695D1249321BA58E9943E45A9CC78A88FE4274","世界存档；文件名暗示建筑/展示/挑战地图。"
"Worlds\水晶宫（正常）.wld.bak","水晶宫（正常）.wld.bak","world backup (.wld.bak)","2862170","2795.1","2023-10-25 05:13:24","C:\Users\admin\Documents\My Games\Terraria\Worlds\水晶宫（正常）.wld.bak","D:\Terraria_doc\Terraria_saves\Worlds\水晶宫（正常）.wld.bak","FE68987237A52CB7370473871F1183151FA63BC9EB631BF41810ACDA696B5D5B","世界存档；文件名暗示建筑/展示/挑战地图。"
"Worlds\新年.wld","新年.wld","world save (.wld)","2830394","2764.1","2023-10-25 04:52:59","C:\Users\admin\Documents\My Games\Terraria\Worlds\新年.wld","D:\Terraria_doc\Terraria_saves\Worlds\新年.wld","0207F5EBD4F6DAB65A88F973F9374F571A670C76DB05B3A2E50E99DBB6E2118F","世界存档；可放入 Worlds 目录恢复。"
"Worlds\新年.wld.bak","新年.wld.bak","world backup (.wld.bak)","2830143","2763.8","2023-10-25 04:52:59","C:\Users\admin\Documents\My Games\Terraria\Worlds\新年.wld.bak","D:\Terraria_doc\Terraria_saves\Worlds\新年.wld.bak","04B6B7DF1EFB4860BC9C588772315A6B2321C4FBCCEE4578E111300A334DD8F6","世界存档；可放入 Worlds 目录恢复。"
"Worlds\中-专家-月后-花园别墅存档.wld","中-专家-月后-花园别墅存档.wld","world save (.wld)","2543194","2483.6","2023-10-24 20:18:19","C:\Users\admin\Documents\My Games\Terraria\Worlds\中-专家-月后-花园别墅存档.wld","D:\Terraria_doc\Terraria_saves\Worlds\中-专家-月后-花园别墅存档.wld","469547509F8230FC731760CA604ED83060181CDBE677DC6FD8DA7DD227717A71","世界存档；文件名暗示建筑/展示/挑战地图。"
"Worlds\中-专家-月后-花园别墅存档.wld.bak","中-专家-月后-花园别墅存档.wld.bak","world backup (.wld.bak)","2542909","2483.3","2023-10-24 20:18:19","C:\Users\admin\Documents\My Games\Terraria\Worlds\中-专家-月后-花园别墅存档.wld.bak","D:\Terraria_doc\Terraria_saves\Worlds\中-专家-月后-花园别墅存档.wld.bak","82B6321C07FBFB737EB3B64D5FA54FF6B3DC6B2C03A5F6AA1B765453120174A7","世界存档；文件名暗示建筑/展示/挑战地图。"
"Worlds\专家模式全物品.wld","专家模式全物品.wld","world save (.wld)","691738","675.5","2023-10-24 19:44:56","C:\Users\admin\Documents\My Games\Terraria\Worlds\专家模式全物品.wld","D:\Terraria_doc\Terraria_saves\Worlds\专家模式全物品.wld","E9040DD4E075E9B4E4737867D7B149ED86B429C8F8ED830C70FA52BC3E79B08B","世界存档；文件名暗示全物品/工坊地图，整理时可归入资源地图。"
